"category","place","restaurant_name","address","latitude","longitude","website","phone","monday_hours","tuesday_hours","wednesday_hours","thursday_hours","friday_hours","saturday_hours","sunday_hours","narrative","source_url","details_source_url","hours_source_url","hours_checked_on","narrative_source_url","narrative_type","coordinates_source_url","coordinates_matched_address","hours_notes","data_notes"
"Bagels","Runner-up","Main Street Bagel Deli","10268 Main Street, Fairfax, VA 22030","38.8453464","-77.3007419","https://mainstreetbageldeli.com/","703-591-2966","Closed","07:00-15:00","07:00-15:00","07:00-15:00","07:00-15:00","07:00-15:00","Closed","Main Street Bagel Deli is recognized in the magazine’s Bagels category.","https://northernvirginiamag.com/food-and-drink/2026/06/12/best-of-nova-2026-dig-into-northern-virginias-best-food/","https://mainstreetbageldeli.com/","https://mainstreetbageldeli.com/","2026-10-07","https://northernvirginiamag.com/food-and-drink/2026/06/12/best-of-nova-2026-dig-into-northern-virginias-best-food/","Original factual summary","https://nominatim.openstreetmap.org/search?q=10268+Main+Street%2C+Fairfax%2C+VA+22030&format=jsonv2&addressdetails=1&limit=3&countrycodes=us","Main Street Bagel Deli, 10268, Main Street, Halemhurst, Fairfax, Virginia, 22030, United States","",""
"Breakfast Diner","Winner","Bob & Edith’s Diner","6316 Springfield Plaza, Springfield, VA 22150","38.7817430","-77.1871250","https://bobandedithsdiner.com/","703-854-1401","24 hours","24 hours","24 hours","24 hours","24 hours","24 hours","24 hours","A family-run diner chain serving classic American breakfast and comfort food.","https://northernvirginiamag.com/food-and-drink/2026/06/12/best-of-nova-2026-dig-into-northern-virginias-best-food/","https://www.bobandedithsdiner.com/","https://www.bobandedithsdiner.com/","2026-10-07","https://www.bobandedithsdiner.com/","Original factual summary","https://nominatim.openstreetmap.org/search?q=6316+Springfield+Plaza%2C+Springfield%2C+VA+22150&format=jsonv2&addressdetails=1&limit=3&countrycodes=us","Bob and Edith's Diner, 6316, Springfield Plaza, Yates Village, Springfield, Fairfax County, Virginia, 22150, United States","",""
"Breakfast Diner","Winner","Bob & Edith’s Diner","539 S 23rd Street, Arlington, VA 22202","38.8535614","-77.0544852","https://bobandedithsdiner.com/","703-920-2700","24 hours","24 hours","24 hours","24 hours","24 hours","24 hours","24 hours","A family-run diner chain serving classic American breakfast and comfort food.","https://northernvirginiamag.com/food-and-drink/2026/06/12/best-of-nova-2026-dig-into-northern-virginias-best-food/","https://www.bobandedithsdiner.com/","https://www.bobandedithsdiner.com/","2026-10-07","https://www.bobandedithsdiner.com/","Original factual summary","https://nominatim.openstreetmap.org/search?q=539+S+23rd+Street%2C+Arlington%2C+VA+22202&format=jsonv2&addressdetails=1&limit=3&countrycodes=us","Bob & Edith's Diner, 539, 23rd Street South, Aurora Hills, Arlington, Arlington County, Virginia, 22202, United States","",""
"Breakfast Diner","Winner","Bob & Edith’s Diner","2310 Columbia Pike, Arlington, VA 22204","38.8636076","-77.0822482","https://bobandedithsdiner.com/","703-920-6103","24 hours","24 hours","24 hours","24 hours","24 hours","24 hours","24 hours","A family-run diner chain serving classic American breakfast and comfort food.","https://northernvirginiamag.com/food-and-drink/2026/06/12/best-of-nova-2026-dig-into-northern-virginias-best-food/","https://www.bobandedithsdiner.com/","https://www.bobandedithsdiner.com/","2026-10-07","https://www.bobandedithsdiner.com/","Original factual summary","https://nominatim.openstreetmap.org/search?q=2310+Columbia+Pike%2C+Arlington%2C+VA+22204&format=jsonv2&addressdetails=1&limit=3&countrycodes=us","Bob & Edith's Diner, 2310, Columbia Pike, Columbia Heights, Westmont, Arlington, Arlington County, Virginia, 22204, United States","",""
"Breakfast Diner","Winner","Bob & Edith’s Diner","5918 N Kings Highway, Alexandria, VA 22303","38.7893940","-77.0768970","https://bobandedithsdiner.com/","703-373-3284","24 hours","24 hours","24 hours","24 hours","24 hours","24 hours","24 hours","A family-run diner chain serving classic American breakfast and comfort food.","https://northernvirginiamag.com/food-and-drink/2026/06/12/best-of-nova-2026-dig-into-northern-virginias-best-food/","https://www.bobandedithsdiner.com/","https://www.bobandedithsdiner.com/","2026-10-07","https://www.bobandedithsdiner.com/","Original factual summary","https://nominatim.openstreetmap.org/search?q=5918+N+Kings+Highway%2C+Alexandria%2C+VA+22303&format=jsonv2&addressdetails=1&limit=3&countrycodes=us","Bob and Edith's, 5918, North Kings Highway, Jefferson Manor, Penn Daw, Alexandria, Fairfax County, Virginia, 22303, United States","",""
"Breakfast Diner","Winner","Bob & Edith’s Diner","1743 King Street, Alexandria, VA 22314","38.8068399","-77.0589885","https://bobandedithsdiner.com/","703-664-0043","24 hours","24 hours","24 hours","24 hours","24 hours","24 hours","24 hours","A family-run diner chain serving classic American breakfast and comfort food.","https://northernvirginiamag.com/food-and-drink/2026/06/12/best-of-nova-2026-dig-into-northern-virginias-best-food/","https://www.bobandedithsdiner.com/","https://www.bobandedithsdiner.com/","2026-10-07","https://www.bobandedithsdiner.com/","Original factual summary","https://nominatim.openstreetmap.org/search?q=1743+King+Street%2C+Alexandria%2C+VA+22314&format=jsonv2&addressdetails=1&limit=3&countrycodes=us","Bob and Edith's Diner, 1743, King Street, Jefferson Houston, Eisenhower East, Alexandria, Virginia, 22314, United States","",""
"Breakfast Diner","Winner","Bob & Edith’s Diner","9221 Sudley Road, Manassas, VA 20110","38.7566206","-77.4666423","https://bobandedithsdiner.com/","703-420-2240","07:00-15:00","07:00-15:00","07:00-15:00","07:00-15:00","07:00-15:00","07:00-15:00","07:00-15:00","A family-run diner chain serving classic American breakfast and comfort food.","https://northernvirginiamag.com/food-and-drink/2026/06/12/best-of-nova-2026-dig-into-northern-virginias-best-food/","https://www.bobandedithsdiner.com/","https://www.bobandedithsdiner.com/","2026-10-07","https://www.bobandedithsdiner.com/","Original factual summary","https://nominatim.openstreetmap.org/search?q=9221+Sudley+Road%2C+Manassas%2C+VA+20110&format=jsonv2&addressdetails=1&limit=3&countrycodes=us","Bob & Edith's Diner, 9221, Sudley Road, Manassas, Virginia, 20110, United States","",""
"Breakfast Diner","Winner","Bob & Edith’s Diner","6451 Old Beulah Street, Alexandria, VA 22315","38.7423140","-77.1624880","https://bobandedithsdiner.com/","703-337-4101","07:00-22:00","07:00-22:00","07:00-22:00","07:00-22:00","07:00-22:00","07:00-22:00","07:00-22:00","A family-run diner chain serving classic American breakfast and comfort food.","https://northernvirginiamag.com/food-and-drink/2026/06/12/best-of-nova-2026-dig-into-northern-virginias-best-food/","https://www.bobandedithsdiner.com/","https://www.bobandedithsdiner.com/","2026-10-07","https://www.bobandedithsdiner.com/","Original factual summary","https://nominatim.openstreetmap.org/search?q=6451+Old+Beulah+Street%2C+Alexandria%2C+VA+22315&format=jsonv2&addressdetails=1&limit=3&countrycodes=us","Bob & Edith's Diner, 6451, Old Beulah Street, Hilltop Village Center, Alexandria, Fairfax County, Virginia, 22315, United States","",""
"Breakfast Diner","Runner-up","Chloez Café","5622 Ox Road Unit F, Fairfax Station, VA 22039","38.8009148","-77.3266008","https://chloezcafe.com/","703-272-3029","09:00-19:00","09:00-19:00","09:00-19:00","09:00-19:00","09:00-20:00","08:00-20:00","08:00-19:00","Chloez Café is recognized in the magazine’s Breakfast Diner category.","https://northernvirginiamag.com/food-and-drink/2026/06/12/best-of-nova-2026-dig-into-northern-virginias-best-food/","https://chloezcafe.com//","https://chloezcafe.com//","2026-10-07","https://northernvirginiamag.com/food-and-drink/2026/06/12/best-of-nova-2026-dig-into-northern-virginias-best-food/","Original factual summary","https://nominatim.openstreetmap.org/search?q=5622+Ox+Road+%2C+Fairfax+Station%2C+VA+22039&format=jsonv2&addressdetails=1&limit=3&countrycodes=us","Fairfax Station Square Shopping Center, 5622, Ox Road, Ox Road Estates, Fairfax Station, Fairfax County, Virginia, 22039, United States","",""
"Brunch","Runner-up","Agora Tysons","7911 Westpark Drive, McLean, VA 22102","","","https://agorarestaurants.net/","703-663-8737","","","","","","","","Agora Tysons is recognized in the magazine’s Brunch category.","https://northernvirginiamag.com/food-and-drink/2026/06/12/best-of-nova-2026-dig-into-northern-virginias-best-food/","https://www.agorarestaurants.net/","","2026-10-07","https://northernvirginiamag.com/food-and-drink/2026/06/12/best-of-nova-2026-dig-into-northern-virginias-best-food/","Original factual summary","","","Conflicting official schedules: old seasonal reservation page versus current ordering page; weekly dining hours not assigned.","No exact house-number geocoding match; coordinates left blank."
"Butcher","Winner","Oliver’s Corner Butcher Shop","9912 Georgetown Pike Unit 102C, Great Falls, VA 22066","38.9987079","-77.2900451","https://ocbutchershop.com/","571-407-7263","Closed","10:00-18:00","10:00-18:00","10:00-18:00","10:00-18:00","10:00-18:00","11:00-17:00","Oliver’s Corner Butcher Shop is recognized in the magazine’s Butcher category.","https://northernvirginiamag.com/food-and-drink/2026/06/12/best-of-nova-2026-dig-into-northern-virginias-best-food/","https://ocbutchershop.com/about-us/","https://ocbutchershop.com/about-us/","2026-10-07","https://northernvirginiamag.com/food-and-drink/2026/06/12/best-of-nova-2026-dig-into-northern-virginias-best-food/","Original factual summary","https://nominatim.openstreetmap.org/search?q=9912+Georgetown+Pike+%2C+Great+Falls%2C+VA+22066&format=jsonv2&addressdetails=1&limit=3&countrycodes=us","Ultimate Floral Designs, 9912, Georgetown Pike, Great Falls Village, Great Falls, Fairfax County, Virginia, 22066, United States","",""
"Butcher","Runner-up","The Organic Butcher of McLean","6712 Old Dominion Drive, McLean, VA 22101","38.9342","-77.1795","https://theorganicbutcher.com/","703-790-8300","11:00-18:00","11:00-18:00","11:00-18:00","11:00-18:00","11:00-18:00","10:00-18:00","11:00-17:00","The Organic Butcher of McLean is recognized in the magazine’s Butcher category.","https://northernvirginiamag.com/food-and-drink/2026/06/12/best-of-nova-2026-dig-into-northern-virginias-best-food/","https://www.bbb.org/us/va/mclean/profile/meat-retail/the-organic-butcher-of-mclean-0241-236071691","https://www.bbb.org/us/va/mclean/profile/meat-retail/the-organic-butcher-of-mclean-0241-236071691","2026-10-07","https://northernvirginiamag.com/food-and-drink/2026/06/12/best-of-nova-2026-dig-into-northern-virginias-best-food/","Original factual summary","https://theorganicbutcher.com/","6712 Old Dominion Drive","Secondary source: BBB business profile; official site did not expose details.",""
"Cheesesteak","Winner","Jimmy’s Old Town Tavern","697 Spring Street, Herndon, VA 20170","38.9694600","-77.3862720","https://www.jottnew.com/","703-435-5467","11:00-02:00 (+1 day)","11:00-02:00 (+1 day)","11:00-02:00 (+1 day)","11:00-02:00 (+1 day)","11:00-02:00 (+1 day)","11:00-02:00 (+1 day)","11:00-02:00 (+1 day)","Jimmy’s Old Town Tavern is recognized in the magazine’s Cheesesteak category.","https://northernvirginiamag.com/food-and-drink/2026/06/12/best-of-nova-2026-dig-into-northern-virginias-best-food/","https://www.jottnew.com/","https://www.jottnew.com/","2026-10-07","https://northernvirginiamag.com/food-and-drink/2026/06/12/best-of-nova-2026-dig-into-northern-virginias-best-food/","Original factual summary","https://nominatim.openstreetmap.org/search?q=697+Spring+Street%2C+Herndon%2C+VA+20170&format=jsonv2&addressdetails=1&limit=3&countrycodes=us","Jimmy's Old Town Tavern, 697, Spring Street, Herndon, Fairfax County, Virginia, 20170, United States","Venue hours; kitchen closes at 01:30.",""
"Cheesesteak","Runner-up","George’s Steak N’ Things","5624-C Ox Road, Fairfax Station, VA 22039","38.8012150","-77.3260390","https://georgessteaknthings.com/","703-503-0005","11:00-20:00","11:00-20:00","11:00-20:00","11:00-20:00","11:00-21:00","11:00-21:00","Closed","George’s Steak N’ Things is recognized in the magazine’s Cheesesteak category.","https://northernvirginiamag.com/food-and-drink/2026/06/12/best-of-nova-2026-dig-into-northern-virginias-best-food/","https://georgessteaknthings.com/","https://georgessteaknthings.com/","2026-10-07","https://northernvirginiamag.com/food-and-drink/2026/06/12/best-of-nova-2026-dig-into-northern-virginias-best-food/","Original factual summary","https://nominatim.openstreetmap.org/search?q=5624+Ox+Road%2C+Fairfax+Station%2C+VA+22039&format=jsonv2&addressdetails=1&limit=3&countrycodes=us","Khao Hom Thai & Sushi, 5624, Ox Road, Ox Road Estates, Fairfax Station, Fairfax County, Virginia, 22039, United States","",""
"Chinese","Winner","Mama Chang","3251 Blenheim Boulevard Suite 101, Fairfax, VA 22030","38.8615027","-77.2779382","https://mamachangva.com/","703-268-5556","11:00-14:30; 17:00-21:30","11:00-14:30; 17:00-21:30","11:00-14:30; 17:00-21:30","11:00-14:30; 17:00-21:30","11:00-21:30","11:00-21:30","11:00-20:30","Chinese dining featuring the cooking of the Chang family.","https://northernvirginiamag.com/food-and-drink/2026/06/12/best-of-nova-2026-dig-into-northern-virginias-best-food/","https://mamachangva.com/","https://mamachangva.com/","2026-10-07","https://mamachangva.com/","Original factual summary","https://nominatim.openstreetmap.org/search?q=3251+Blenheim+Boulevard+%2C+Fairfax%2C+VA+22030&format=jsonv2&addressdetails=1&limit=3&countrycodes=us","3251, Blenheim Boulevard, Fairfax Circle, Fairfax, Virginia, 22030, United States","Dine-in last call is 30 minutes before closing.",""
"Deli/Sandwich Shop","Winner","The Italian Store","5837 Washington Boulevard, Arlington, VA 22205","38.8852521","-77.1401933","https://italianstore.com/","571-341-1080","10:00-20:00","10:00-20:00","10:00-20:00","10:00-20:00","10:00-20:00","10:00-20:00","11:00-18:00","An Italian market and deli offering sandwiches and specialty groceries.","https://northernvirginiamag.com/food-and-drink/2026/06/12/best-of-nova-2026-dig-into-northern-virginias-best-food/","https://italianstore.com/","https://italianstore.com/","2026-10-07","https://italianstore.com/","Original factual summary","https://nominatim.openstreetmap.org/search?q=5837+Washington+Boulevard%2C+Arlington%2C+VA+22205&format=jsonv2&addressdetails=1&limit=3&countrycodes=us","The Italian Store at Westover, 5837, Washington Boulevard, Lacey Forest, Bluemont, Ballston, Arlington, Arlington County, Virginia, 22205, United States","",""
"Deli/Sandwich Shop","Winner","The Italian Store","3123 Lee Highway, Arlington, VA","38.8958021","-77.0969572","https://italianstore.com/","703-528-6266","10:00-20:00","10:00-20:00","10:00-20:00","10:00-20:00","10:00-20:00","10:00-20:00","11:00-18:00","An Italian market and deli offering sandwiches and specialty groceries.","https://northernvirginiamag.com/food-and-drink/2026/06/12/best-of-nova-2026-dig-into-northern-virginias-best-food/","https://italianstore.com/","https://italianstore.com/","2026-10-07","https://italianstore.com/","Original factual summary","https://nominatim.openstreetmap.org/search?q=3123+Lee+Highway%2C+Arlington%2C+VA&format=jsonv2&addressdetails=1&limit=3&countrycodes=us","3123, Cherry Hill Road, Cherrydale, Ballston, Arlington, Arlington County, Virginia, 22201, United States","",""
"Doughnut Shop","Winner","Good Company Doughnuts & Cafe","672 N Glebe Road Retail 1, Arlington, VA 22205","38.8784691","-77.1121420","https://gocodough.com/","703-243-3000","07:00-17:00","","","","","","07:00-17:00","A neighborhood cafe serving doughnuts, coffee, and meals.","https://northernvirginiamag.com/food-and-drink/2026/06/12/best-of-nova-2026-dig-into-northern-virginias-best-food/","https://gocodough.com/locations","https://gocodough.com/locations","2026-10-07","https://gocodough.com/locations","Original factual summary","https://nominatim.openstreetmap.org/search?q=672+N+Glebe+Road+%2C+Arlington%2C+VA+22205&format=jsonv2&addressdetails=1&limit=3&countrycodes=us","672 Flats, 672, North Glebe Road, Brandon Village, Bluemont, Ballston, Arlington, Arlington County, Virginia, 22217, United States","Official page specifies Sunday–Monday only; other days are not assumed.",""
"Doughnut Shop","Winner","Good Company Doughnuts & Cafe","1350 S Eads Street Suite 80, Arlington, VA 22202","38.8614965","-77.0542243","https://gocodough.com/","703-894-1002","07:00-18:00","07:00-18:00","07:00-18:00","07:00-18:00","07:00-18:00","07:00-18:00","07:00-18:00","A neighborhood cafe serving doughnuts, coffee, and meals.","https://northernvirginiamag.com/food-and-drink/2026/06/12/best-of-nova-2026-dig-into-northern-virginias-best-food/","https://gocodough.com/locations","https://gocodough.com/locations","2026-10-07","https://gocodough.com/locations","Original factual summary","https://nominatim.openstreetmap.org/search?q=1350+S+Eads+Street+%2C+Arlington%2C+VA+22202&format=jsonv2&addressdetails=1&limit=3&countrycodes=us","Conte's Bike Shop, 1350, South Eads Street, Arlington, Arlington County, Virginia, 20310, United States","",""
"Doughnut Shop","Runner-up","Yoder’s Dutch Delights","9145 Manassas Drive, Manassas Park, VA 20111","38.7671031","-77.4427332","https://yodersdutchdelights.com/","540-618-5174","Closed","","","","","","","Yoder’s Dutch Delights is recognized in the magazine’s Doughnut Shop category.","https://northernvirginiamag.com/food-and-drink/2026/06/12/best-of-nova-2026-dig-into-northern-virginias-best-food/","https://www.yodersdutchdelights.com/location","https://www.yodersdutchdelights.com/location","2026-10-07","https://northernvirginiamag.com/food-and-drink/2026/06/12/best-of-nova-2026-dig-into-northern-virginias-best-food/","Original factual summary","https://nominatim.openstreetmap.org/search?q=9145+Manassas+Drive%2C+Manassas+Park%2C+VA+20111&format=jsonv2&addressdetails=1&limit=3&countrycodes=us","Yoder's Dutch Delights, 9145, Manassas Drive, Manassas Park, Virginia, 20111, United States","Official page conflicts: Tue–Fri close 15:00 versus 16:00; Sat–Sun close 15:00 versus 18:00. Monday closed in both; remaining hours require confirmation.",""
"Food Truck","Winner","Flavor Hive","4260 John Marr Drive, Annandale, VA 22003","38.8310979","-77.1902008","https://flavorhive.com/","","11:00-22:00","11:00-22:00","11:00-22:00","11:00-22:00","11:00-00:00 (+1 day)","11:00-00:00 (+1 day)","11:00-22:00","A food-truck business that now also operates several permanent locations.","https://northernvirginiamag.com/food-and-drink/2026/06/12/best-of-nova-2026-dig-into-northern-virginias-best-food/","https://www.flavorhive.com/locations","https://www.flavorhive.com/locations","2026-10-07","https://www.flavorhive.com/locations","Original factual summary","https://nominatim.openstreetmap.org/search?q=4260+John+Marr+Drive%2C+Annandale%2C+VA+22003&format=jsonv2&addressdetails=1&limit=3&countrycodes=us","Cafe Hive, 4260, John Marr Drive, Koreatown, Annandale, Fairfax County, Virginia, 22003, United States","Permanent store.",""
"Food Truck","Winner","Flavor Hive","5928 Richmond Highway, Alexandria, VA 22303","","","https://flavorhive.com/","","11:00-22:00","11:00-22:00","11:00-22:00","11:00-22:00","11:00-00:00 (+1 day)","11:00-00:00 (+1 day)","12:00-22:00","A food-truck business that now also operates several permanent locations.","https://northernvirginiamag.com/food-and-drink/2026/06/12/best-of-nova-2026-dig-into-northern-virginias-best-food/","https://www.flavorhive.com/locations","https://www.flavorhive.com/locations","2026-10-07","https://www.flavorhive.com/locations","Original factual summary","","","Huntington permanent store.","No exact house-number geocoding match; coordinates left blank."
"Food Truck","Winner","Flavor Hive","5730 General Washington Drive, Alexandria, VA 22312","","","https://flavorhive.com/","","11:00-22:00","11:00-22:00","11:00-22:00","11:00-22:00","11:00-00:00 (+1 day)","11:00-00:00 (+1 day)","12:00-22:00","A food-truck business that now also operates several permanent locations.","https://northernvirginiamag.com/food-and-drink/2026/06/12/best-of-nova-2026-dig-into-northern-virginias-best-food/","https://www.flavorhive.com/locations","https://www.flavorhive.com/locations","2026-10-07","https://www.flavorhive.com/locations","Original factual summary","","","Permanent store.","No exact house-number geocoding match; coordinates left blank."
"Food Truck","Winner","Flavor Hive","10831 Promenade Lane, Manassas, VA 20109","","","https://flavorhive.com/","","11:00-22:00","11:00-22:00","11:00-22:00","11:00-22:00","11:00-00:00 (+1 day)","11:00-00:00 (+1 day)","12:00-22:00","A food-truck business that now also operates several permanent locations.","https://northernvirginiamag.com/food-and-drink/2026/06/12/best-of-nova-2026-dig-into-northern-virginias-best-food/","https://www.flavorhive.com/locations","https://www.flavorhive.com/locations","2026-10-07","https://www.flavorhive.com/locations","Original factual summary","","","Permanent store.","No exact house-number geocoding match; coordinates left blank."
"Food Truck","Winner","Flavor Hive","3314 Richmond Highway, Alexandria, VA 22305","","","https://flavorhive.com/","","","","","","","","","A food-truck business that now also operates several permanent locations.","https://northernvirginiamag.com/food-and-drink/2026/06/12/best-of-nova-2026-dig-into-northern-virginias-best-food/","https://www.flavorhive.com/locations","","2026-10-07","https://www.flavorhive.com/locations","Original factual summary","","","Potomac Yard: temporarily closed for construction; no weekly hours assigned.","No exact house-number geocoding match; coordinates left blank."
"French","Winner","L’Auberge Chez François","332 Springvale Road, Great Falls, VA 22066","39.0292195","-77.3053420","https://laubergechezfrancois.com/","703-759-3800","","","11:30-13:30; 16:30-21:00","11:30-13:30; 16:30-21:00","11:30-13:30; 16:30-21:00","11:30-13:30; 16:30-21:30","11:30-20:00","French dining in Great Falls, with an Alsatian culinary tradition.","https://northernvirginiamag.com/food-and-drink/2026/06/12/best-of-nova-2026-dig-into-northern-virginias-best-food/","https://laubergechezfrancois.com/","https://laubergechezfrancois.com/","2026-10-07","https://laubergechezfrancois.com/","Original factual summary","https://nominatim.openstreetmap.org/search?q=332+Springvale+Road%2C+Great+Falls%2C+VA+22066&format=jsonv2&addressdetails=1&limit=3&countrycodes=us","L'Auberge Chez François, 332, Springvale Road, The Woodlands, Great Falls, Fairfax County, Virginia, 22066, United States","Monday/Tuesday not explicitly specified in published main dining schedule; left unknown.",""
"French","Runner-up","Bastille Brasserie & Bar","606 N Fayette Street, Alexandria, VA 22314","38.8115998","-77.0513738","https://bastillerestaurant.com/","703-519-3776","Closed","16:00-21:00","16:00-21:00","16:00-21:00","16:00-21:00","16:00-21:00","16:00-21:00","Bastille Brasserie & Bar is recognized in the magazine’s French category.","https://northernvirginiamag.com/food-and-drink/2026/06/12/best-of-nova-2026-dig-into-northern-virginias-best-food/","https://bastillerestaurant.com/","https://bastillerestaurant.com/","2026-10-07","https://northernvirginiamag.com/food-and-drink/2026/06/12/best-of-nova-2026-dig-into-northern-virginias-best-food/","Original factual summary","https://nominatim.openstreetmap.org/search?q=606+N+Fayette+Street%2C+Alexandria%2C+VA+22314&format=jsonv2&addressdetails=1&limit=3&countrycodes=us","Bastille Brasserie & Bar, 606, North Fayette Street, Matthew Maury, Eisenhower East, Alexandria, Virginia, 22314, United States","Dining hours; last seating 30 minutes before close.",""
"Fried Chicken Sandwich","Winner","Wooboi Chicken","139 Spring Street Suite 1, Herndon, VA 20170","38.9578728","-77.3732854","https://wooboichicken.com/","703-935-7085","","","","","","","","A chicken sandwich specialist offering multiple levels of spice.","https://northernvirginiamag.com/food-and-drink/2026/06/12/best-of-nova-2026-dig-into-northern-virginias-best-food/","https://wooboichicken.com/","","2026-10-07","https://wooboichicken.com/","Original factual summary","https://nominatim.openstreetmap.org/search?q=139+Spring+Street+%2C+Herndon%2C+VA+20170&format=jsonv2&addressdetails=1&limit=3&countrycodes=us","Wooboi Chicken, 139, Spring Street, Herndon, Fairfax County, Virginia, 20170, United States","",""
"Fried Chicken Sandwich","Winner","Wooboi Chicken","531 Montgomery Street, Alexandria, VA 22314","38.8142250","-77.0433460","https://wooboichicken.com/","703-405-1205","","","","","","","","A chicken sandwich specialist offering multiple levels of spice.","https://northernvirginiamag.com/food-and-drink/2026/06/12/best-of-nova-2026-dig-into-northern-virginias-best-food/","https://wooboichicken.com/","","2026-10-07","https://wooboichicken.com/","Original factual summary","https://nominatim.openstreetmap.org/search?q=531+Montgomery+Street%2C+Alexandria%2C+VA+22314&format=jsonv2&addressdetails=1&limit=3&countrycodes=us","Wooboi Hot Chicken, 531, Montgomery Street, Jefferson Houston, Alexandria, Virginia, 22314, United States","",""
"Fried Chicken Sandwich","Winner","Wooboi Chicken","12721 Shoppes Lane, Fairfax, VA 22033","38.8607124","-77.3864120","https://wooboichicken.com/","703-774-7049","","","","","","","","A chicken sandwich specialist offering multiple levels of spice.","https://northernvirginiamag.com/food-and-drink/2026/06/12/best-of-nova-2026-dig-into-northern-virginias-best-food/","https://wooboichicken.com/","","2026-10-07","https://wooboichicken.com/","Original factual summary","https://nominatim.openstreetmap.org/search?q=12721+Shoppes+Lane%2C+Fairfax%2C+VA+22033&format=jsonv2&addressdetails=1&limit=3&countrycodes=us","12721, Shoppes Lane, Fair Lakes, Fairfax County, Virginia, 22033, United States","",""
"Fried Chicken Sandwich","Runner-up","Ruthie’s All-Day","3411 5th Street S, Arlington, VA 22204","38.8673218","-77.0952790","https://ruthiesallday.com/","703-888-2841","07:00-21:00","07:00-21:00","07:00-21:00","07:00-21:00","07:00-22:00","09:00-22:00","09:00-21:00","Ruthie’s All-Day is recognized in the magazine’s Fried Chicken Sandwich category.","https://northernvirginiamag.com/food-and-drink/2026/06/12/best-of-nova-2026-dig-into-northern-virginias-best-food/","https://www.waze.com/live-map/directions/us/va/arlington/ruthies-all-day?to=place.ChIJ00VhYT23t4kRMQqrWqPktHw","https://www.waze.com/live-map/directions/us/va/arlington/ruthies-all-day?to=place.ChIJ00VhYT23t4kRMQqrWqPktHw","2026-10-07","https://northernvirginiamag.com/food-and-drink/2026/06/12/best-of-nova-2026-dig-into-northern-virginias-best-food/","Original factual summary","https://nominatim.openstreetmap.org/search?q=3411+5th+Street+S%2C+Arlington%2C+VA+22204&format=jsonv2&addressdetails=1&limit=3&countrycodes=us","Ruthie's All-Day, 3411, 5th Street South, Arlington Heights, Westmont, Clarendon, Arlington, Arlington County, Virginia, 22204, United States","Secondary schedule from Waze; Saturday opens at 09:00.",""
"Fried Chicken Sandwich","Runner-up","Ruthie’s All-Day","11951 Grand Commons Avenue, Fairfax, VA 22030","38.8575362","-77.3582349","https://ruthiesallday.com/","571-652-5550","08:00-21:00","08:00-21:00","08:00-21:00","08:00-21:00","08:00-22:00","09:00-15:00; 17:00-22:00","09:00-15:00; 17:00-21:00","Ruthie’s All-Day is recognized in the magazine’s Fried Chicken Sandwich category.","https://northernvirginiamag.com/food-and-drink/2026/06/12/best-of-nova-2026-dig-into-northern-virginias-best-food/","https://www.ruthiesallday.com/location/ruthies-all-day-fairfax/","https://www.ruthiesallday.com/location/ruthies-all-day-fairfax/","2026-10-07","https://northernvirginiamag.com/food-and-drink/2026/06/12/best-of-nova-2026-dig-into-northern-virginias-best-food/","Original factual summary","https://nominatim.openstreetmap.org/search?q=11951+Grand+Commons+Avenue%2C+Fairfax%2C+VA+22030&format=jsonv2&addressdetails=1&limit=3&countrycodes=us","11951, Grand Commons Avenue, Fairfax Corner, Fair Oaks, Fairfax County, Virginia, 22030, United States","Uses dedicated hours page; menu page gives conflicting weekday breakfast start and lists weekend mid-day service.",""
"Happy Hour","Winner","Barrel & Bushel","7901 Tysons One Place, McLean, VA 22102","","","https://barrelandbushel.com/","703-848-6340","06:30-23:00","06:30-23:00","06:30-23:00","06:30-23:00","06:30-00:00 (+1 day)","08:00-00:00 (+1 day)","08:00-22:00","Barrel & Bushel is recognized in the magazine’s Happy Hour category.","https://northernvirginiamag.com/food-and-drink/2026/06/12/best-of-nova-2026-dig-into-northern-virginias-best-food/","https://www.barrelandbushel.com/location-hours","https://www.barrelandbushel.com/location-hours","2026-10-07","https://northernvirginiamag.com/food-and-drink/2026/06/12/best-of-nova-2026-dig-into-northern-virginias-best-food/","Original factual summary","","","Venue hours, not the shorter happy-hour promotion.","No exact house-number geocoding match; coordinates left blank."
"Happy Hour","Runner-up","Mama Tigre","10443 White Granite Drive, Oakton, VA 22124","38.8743893","-77.3060430","https://mamatigre.com/","703-261-6210","11:00-21:30","11:00-21:30","11:00-21:30","11:00-21:30","11:00-22:30","11:00-22:30","11:00-21:30","Mama Tigre is recognized in the magazine’s Happy Hour category.","https://northernvirginiamag.com/food-and-drink/2026/06/12/best-of-nova-2026-dig-into-northern-virginias-best-food/","https://mamatigre.com/","https://mamatigre.com/","2026-10-07","https://northernvirginiamag.com/food-and-drink/2026/06/12/best-of-nova-2026-dig-into-northern-virginias-best-food/","Original factual summary","https://nominatim.openstreetmap.org/search?q=10443+White+Granite+Drive%2C+Oakton%2C+VA+22124&format=jsonv2&addressdetails=1&limit=3&countrycodes=us","10443, White Granite Drive, Oakton, Fairfax County, Virginia, 22124, United States","",""
"Ice Cream","Winner","Nathan’s Dairy Bar","8948 Mathis Avenue, Manassas, VA 20110","38.7614834","-77.4626093","https://nathansdairybar.com/","703-335-9051","Closed","11:00-21:00","11:00-21:00","11:00-21:00","11:00-22:00","11:00-22:00","11:00-21:00","Nathan’s Dairy Bar is recognized in the magazine’s Ice Cream category.","https://northernvirginiamag.com/food-and-drink/2026/06/12/best-of-nova-2026-dig-into-northern-virginias-best-food/","https://nathansdairybar.com/","https://nathansdairybar.com/","2026-10-07","https://northernvirginiamag.com/food-and-drink/2026/06/12/best-of-nova-2026-dig-into-northern-virginias-best-food/","Original factual summary","https://nominatim.openstreetmap.org/search?q=8948+Mathis+Avenue%2C+Manassas%2C+VA+20110&format=jsonv2&addressdetails=1&limit=3&countrycodes=us","8948, Mathis Avenue, Manassas, Virginia, 20110, United States","Published fall hours; seasonal operation.",""
"Ice Cream","Runner-up","The Dairy Godmother","2310 Mount Vernon Avenue, Alexandria, VA 22301","38.8262828","-77.0587831","https://thedairygodmother.com/","703-683-7767","Closed","12:00-21:00","12:00-21:00","12:00-21:00","12:00-21:00","12:00-21:00","12:00-21:00","The Dairy Godmother is recognized in the magazine’s Ice Cream category.","https://northernvirginiamag.com/food-and-drink/2026/06/12/best-of-nova-2026-dig-into-northern-virginias-best-food/","https://www.thedairygodmother.com/contact-us/","https://www.TheDairyGodmother.com/location-hours/","2026-10-07","https://northernvirginiamag.com/food-and-drink/2026/06/12/best-of-nova-2026-dig-into-northern-virginias-best-food/","Original factual summary","https://nominatim.openstreetmap.org/search?q=2310+Mount+Vernon+Avenue%2C+Alexandria%2C+VA+22301&format=jsonv2&addressdetails=1&limit=3&countrycodes=us","2310, Mount Vernon Avenue, Del Ray, Mount Vernon, Alexandria, Virginia, 22301, United States","Custard hours; adjacent Just Fine Donuts has different opening times.",""
"Indian","Winner","Celebration by Rupa Vira","44260 Ice Rink Plaza Suite 120, Ashburn, VA 20147","39.01984","-77.46962","https://celebrationva.com/","571-281-2233","Closed","11:30-14:30; 17:00-21:30","11:30-14:30; 17:00-21:30","11:30-14:30; 17:00-21:30","11:30-14:30; 17:00-22:00","11:30-15:00; 17:00-22:00","11:30-15:00; 17:00-21:30","Celebration by Rupa Vira is recognized in the magazine’s Indian category.","https://northernvirginiamag.com/food-and-drink/2026/06/12/best-of-nova-2026-dig-into-northern-virginias-best-food/","https://celebrationva.com/","https://celebrationva.com/","2026-10-07","https://northernvirginiamag.com/food-and-drink/2026/06/12/best-of-nova-2026-dig-into-northern-virginias-best-food/","Original factual summary","Existing dc-eats data/best_of_loudoun.csv","44260 Ice Rink Plz Suite 120, Ashburn, VA 20147","",""
"Indian","Runner-up","Jaipur Royal Indian Cuisine","9401 Lee Highway, Fairfax, VA 22031","38.8684330","-77.2713270","https://jaipurcuisine.com/","703-766-1111","11:30-14:30; 17:00-21:30","11:30-14:30; 17:00-21:30","11:30-14:30; 17:00-21:30","11:30-14:30; 17:00-21:30","11:30-14:30; 17:00-22:00","11:30-14:30; 17:00-22:00","11:30-14:30; 17:00-21:30","Jaipur Royal Indian Cuisine is recognized in the magazine’s Indian category.","https://northernvirginiamag.com/food-and-drink/2026/06/12/best-of-nova-2026-dig-into-northern-virginias-best-food/","https://jaipurcuisine.com/","https://jaipurcuisine.com/","2026-10-07","https://northernvirginiamag.com/food-and-drink/2026/06/12/best-of-nova-2026-dig-into-northern-virginias-best-food/","Original factual summary","https://nominatim.openstreetmap.org/search?q=9401+Lee+Highway%2C+Fairfax%2C+VA+22031&format=jsonv2&addressdetails=1&limit=3&countrycodes=us","9401, Route 29, Fairlee, Oakton, Fairfax County, Virginia, 22031, United States","",""
"Korean","Winner","Ingle Korean Steakhouse","8369 Leesburg Pike Suite A, Vienna, VA 22182","38.9214270","-77.2360920","https://inglekoreansteakhouse.com/","202-845-4966","11:00-14:00; 17:00-22:00","11:00-14:00; 17:00-22:00","11:00-14:00; 17:00-22:00","11:00-14:00; 17:00-22:00","11:00-14:00; 17:00-22:00","11:00-14:00; 17:00-22:00","11:00-14:00; 17:00-22:00","A Korean steakhouse offering grilled meats.","https://northernvirginiamag.com/food-and-drink/2026/06/12/best-of-nova-2026-dig-into-northern-virginias-best-food/","https://www.inglekoreansteakhouse.com/tysons","https://www.inglekoreansteakhouse.com/tysons","2026-10-07","https://www.inglekoreansteakhouse.com/tysons","Original factual summary","https://nominatim.openstreetmap.org/search?q=8369+Leesburg+Pike+%2C+Vienna%2C+VA+22182&format=jsonv2&addressdetails=1&limit=3&countrycodes=us","Sakura Japanese Steak Seafood & Sushi Bar, 8369, Leesburg Pike, Vienna, Fairfax County, Virginia, 22182, United States","",""
"Modern American","Winner","2941 Restaurant","2941 Fairview Park Drive, Falls Church, VA 22042","38.8693094","-77.2149100","https://2941.com/","703-270-1500","","","","","","","","An American restaurant overlooking Fairview Park, with contemporary dining.","https://northernvirginiamag.com/food-and-drink/2026/06/12/best-of-nova-2026-dig-into-northern-virginias-best-food/","https://2941.com/","","2026-10-07","https://2941.com/","Original factual summary","https://nominatim.openstreetmap.org/search?q=2941+Fairview+Park+Drive%2C+Falls+Church%2C+VA+22042&format=jsonv2&addressdetails=1&limit=3&countrycodes=us","2941, Fairview Park Drive, Merrifield, Fairfax County, Virginia, 22042, United States","Official page gives openings and last seating, not closing times: Tue–Fri open 17:00, last seating 20:30; Sat open 16:00, last seating 21:00. Private events have separate availability.",""
"Outdoor Dining","Winner","Trattoria Villagio","7145 Main Street, Clifton, VA 20124","38.780626","-77.3867972","https://trattoriavillagio.com/","703-543-2030","11:30-22:00","11:30-22:00","11:30-22:00","11:30-22:00","11:30-23:00","11:30-23:00","11:30-21:00","Trattoria Villagio is recognized in the magazine’s Outdoor Dining category.","https://northernvirginiamag.com/food-and-drink/2026/06/12/best-of-nova-2026-dig-into-northern-virginias-best-food/","https://trattoriavillagio.com/","https://trattoriavillagio.com/","2026-10-07","https://northernvirginiamag.com/food-and-drink/2026/06/12/best-of-nova-2026-dig-into-northern-virginias-best-food/","Original factual summary","https://trattoriavillagio.com/","7145 Main St","",""
"Oyster Bar","Runner-up","The Salt Line","4040 Wilson Boulevard, Arlington, VA 22203","38.8796390","-77.1086970","https://thesaltline.com/","703-566-2075","11:30-22:00","11:30-22:00","11:30-22:00","11:30-22:00","11:30-23:00","11:00-23:00","11:00-22:00","A seafood restaurant and oyster bar.","https://northernvirginiamag.com/food-and-drink/2026/06/12/best-of-nova-2026-dig-into-northern-virginias-best-food/","https://www.thesaltline.com/location/the-salt-line-ballston/","https://www.thesaltline.com/location/the-salt-line-ballston/","2026-10-07","https://www.thesaltline.com/location/the-salt-line-ballston/","Original factual summary","https://nominatim.openstreetmap.org/search?q=4040+Wilson+Boulevard%2C+Arlington%2C+VA+22203&format=jsonv2&addressdetails=1&limit=3&countrycodes=us","The Salt Line, 4040, Wilson Boulevard, Virginia Square, Ballston, Arlington, Arlington County, Virginia, 22203, United States","Dining hours; bar last call is later.",""
"Peruvian Chicken","Winner","El Pollo Rico","932 N Kenmore Street, Arlington, VA 22201","38.8839","-77.10074","https://elpollorico.com/","703-522-3220","11:00-22:00","11:00-22:00","11:00-22:00","11:00-22:00","11:00-22:00","11:00-22:00","11:00-22:00","El Pollo Rico is recognized in the magazine’s Peruvian Chicken category.","https://northernvirginiamag.com/food-and-drink/2026/06/12/best-of-nova-2026-dig-into-northern-virginias-best-food/","https://elpollorico.com/locations/arlington/","https://elpollorico.com/locations/arlington/","2026-10-07","https://northernvirginiamag.com/food-and-drink/2026/06/12/best-of-nova-2026-dig-into-northern-virginias-best-food/","Original factual summary","Existing dc-eats data/washington_post_40_essential_dc_dishes_2026.csv","932 North Kenmore Street Arlington, VA 22201","",""
"Peruvian Chicken","Winner","El Pollo Rico","10801 Fairfax Boulevard, Fairfax, VA 22030","38.85956","-77.30427","https://elpollorico.com/","703-995-5709","11:00-22:00","11:00-22:00","11:00-22:00","11:00-22:00","11:00-22:00","11:00-22:00","11:00-22:00","El Pollo Rico is recognized in the magazine’s Peruvian Chicken category.","https://northernvirginiamag.com/food-and-drink/2026/06/12/best-of-nova-2026-dig-into-northern-virginias-best-food/","https://elpollorico.com/locations/fairfax/","https://elpollorico.com/locations/fairfax/","2026-10-07","https://northernvirginiamag.com/food-and-drink/2026/06/12/best-of-nova-2026-dig-into-northern-virginias-best-food/","Original factual summary","Existing dc-eats data/washington_post_40_essential_dc_dishes_2026.csv","10408 Fairfax Blvd, Fairfax, VA 22030","",""
"Peruvian Chicken","Winner","El Pollo Rico","13470 Minnieville Road, Woodbridge, VA 22192","38.65665","-77.30625","https://elpollorico.com/","703-590-3160","11:00-22:00","11:00-22:00","11:00-22:00","11:00-22:00","11:00-22:00","11:00-22:00","11:00-22:00","El Pollo Rico is recognized in the magazine’s Peruvian Chicken category.","https://northernvirginiamag.com/food-and-drink/2026/06/12/best-of-nova-2026-dig-into-northern-virginias-best-food/","https://elpollorico.com/locations/woodbridge/","https://elpollorico.com/locations/woodbridge/","2026-10-07","https://northernvirginiamag.com/food-and-drink/2026/06/12/best-of-nova-2026-dig-into-northern-virginias-best-food/","Original factual summary","Existing dc-eats data/washington_post_40_essential_dc_dishes_2026.csv","13470 Minnieville Rd Woodbridge, VA 22192","",""
"Pie","Winner","Mom’s Apple Pie Company","220 Loudoun Street SE, Leesburg, VA","39.1131172","-77.5604665","https://momsapplepieco.com/","703-771-8590","11:00-18:00","11:00-18:00","11:00-18:00","11:00-18:00","11:00-18:00","11:00-18:00","11:00-17:00","Mom’s Apple Pie Company is recognized in the magazine’s Pie category.","https://northernvirginiamag.com/food-and-drink/2026/06/12/best-of-nova-2026-dig-into-northern-virginias-best-food/","https://www.momsapplepieco.com/locations","https://www.momsapplepieco.com/locations","2026-10-07","https://northernvirginiamag.com/food-and-drink/2026/06/12/best-of-nova-2026-dig-into-northern-virginias-best-food/","Original factual summary","https://nominatim.openstreetmap.org/search?q=220+Loudoun+Street+SE%2C+Leesburg%2C+VA&format=jsonv2&addressdetails=1&limit=3&countrycodes=us","Mom's Apple Pie, 220, Loudoun Street Southeast, Leesburg, Loudoun County, Virginia, 20175, United States","",""
"Pie","Winner","Mom’s Apple Pie Company","35246 Leesburg Pike, Round Hill, VA","39.12787","-77.78729","https://momsapplepieco.com/","540-338-1800","11:00-18:00","11:00-18:00","11:00-18:00","11:00-18:00","11:00-18:00","11:00-18:00","11:00-17:00","Mom’s Apple Pie Company is recognized in the magazine’s Pie category.","https://northernvirginiamag.com/food-and-drink/2026/06/12/best-of-nova-2026-dig-into-northern-virginias-best-food/","https://www.momsapplepieco.com/locations","https://www.momsapplepieco.com/locations","2026-10-07","https://northernvirginiamag.com/food-and-drink/2026/06/12/best-of-nova-2026-dig-into-northern-virginias-best-food/","Original factual summary","Existing dc-eats data/best_of_loudoun.csv","35246 Leesburg Pike, Round Hill, Virginia 20141-3200","",""
"Pie","Runner-up","Pie Gourmet","507 Maple Avenue W, Vienna, VA 22180","38.8942079","-77.2740826","https://piegourmet.com/","703-281-7437","07:00-19:00","07:00-19:00","07:00-19:00","07:00-19:00","07:00-19:00","09:00-18:00","10:00-16:00","Pie Gourmet is recognized in the magazine’s Pie category.","https://northernvirginiamag.com/food-and-drink/2026/06/12/best-of-nova-2026-dig-into-northern-virginias-best-food/","https://piegourmet.com/","https://piegourmet.com/","2026-10-07","https://northernvirginiamag.com/food-and-drink/2026/06/12/best-of-nova-2026-dig-into-northern-virginias-best-food/","Original factual summary","https://nominatim.openstreetmap.org/search?q=507+Maple+Avenue+W%2C+Vienna%2C+VA+22180&format=jsonv2&addressdetails=1&limit=3&countrycodes=us","507, Maple Avenue West, Vienna, Fairfax County, Virginia, 22180, United States","",""
"Ramen","Runner-up","Umai Ramen & Rice Bowl","482 Elden Street, Herndon, VA 20170","38.9703797","-77.3758896","https://umairamenandricebowl.com/","571-752-6122","11:30-15:00; 16:30-21:30","11:30-15:00; 16:30-21:30","11:30-15:00; 16:30-21:30","11:30-15:00; 16:30-21:30","11:30-15:00; 16:30-21:30","11:30-21:30","Closed","Umai Ramen & Rice Bowl is recognized in the magazine’s Ramen category.","https://northernvirginiamag.com/food-and-drink/2026/06/12/best-of-nova-2026-dig-into-northern-virginias-best-food/","https://umairamenandricebowl.com/","https://umairamenandricebowl.com/","2026-10-07","https://northernvirginiamag.com/food-and-drink/2026/06/12/best-of-nova-2026-dig-into-northern-virginias-best-food/","Original factual summary","https://umairamenandricebowl.com/","482 Elden Street","",""
"Seafood","Runner-up","Blue Ridge Seafood Restaurant","15704 Lee Highway, Gainesville, VA 20155","38.7839406","-77.6619257","https://blueridgeseafood.com/","703-754-9852","","11:30-20:30","11:30-20:30","11:30-20:30","11:30-21:30","11:30-21:30","11:30-20:30","Blue Ridge Seafood Restaurant is recognized in the magazine’s Seafood category.","https://northernvirginiamag.com/food-and-drink/2026/06/12/best-of-nova-2026-dig-into-northern-virginias-best-food/","https://blueridgeseafood.com/","https://blueridgeseafood.com/","2026-10-07","https://northernvirginiamag.com/food-and-drink/2026/06/12/best-of-nova-2026-dig-into-northern-virginias-best-food/","Original factual summary","https://blueridgeseafood.com/","15704 Lee Highway","Monday not specified in published weekly schedule; left unknown.",""
"Steak","Winner","Guerra Steakhouse","1725 Wilson Boulevard, Arlington, VA 22209","38.8942134","-77.0789770","https://guerrasteakhouse.com/","571-431-6726","16:00-21:00","16:00-21:00","16:00-21:00","16:00-21:00","16:00-21:00","16:00-21:00","16:00-21:00","Guerra Steakhouse is recognized in the magazine’s Steak category.","https://northernvirginiamag.com/food-and-drink/2026/06/12/best-of-nova-2026-dig-into-northern-virginias-best-food/","https://guerrasteakhouse.com/","https://guerrasteakhouse.com/","2026-10-07","https://northernvirginiamag.com/food-and-drink/2026/06/12/best-of-nova-2026-dig-into-northern-virginias-best-food/","Original factual summary","https://nominatim.openstreetmap.org/search?q=1725+Wilson+Boulevard%2C+Arlington%2C+VA+22209&format=jsonv2&addressdetails=1&limit=3&countrycodes=us","Guerra Steakhouse, 1725, Wilson Boulevard, North Highland, Rosslyn, Arlington, Arlington County, Virginia, 22209, United States","",""
"Steak","Runner-up","1799 Prime Steak & Seafood","110 S Pitt Street, Alexandria, VA 22314","38.8041189","-77.0445592","https://1799prime.com/","571-867-9595","16:00-22:00","16:00-22:00","16:00-22:00","12:00-22:00","12:00-23:00","11:00-23:00","11:00-22:00","An Alexandria restaurant serving steaks and seafood.","https://northernvirginiamag.com/food-and-drink/2026/06/12/best-of-nova-2026-dig-into-northern-virginias-best-food/","https://1799prime.com/","https://1799prime.com/","2026-10-07","https://1799prime.com/","Original factual summary","https://nominatim.openstreetmap.org/search?q=110+S+Pitt+Street%2C+Alexandria%2C+VA+22314&format=jsonv2&addressdetails=1&limit=3&countrycodes=us","110, South Pitt Street, Captains Row, Lyles-Crouch, Eisenhower East, Alexandria, Virginia, 22314, United States","",""
"Sushi","Winner","Yume Sushi","2121 N Westmoreland Street A-2, Arlington, VA 22213","38.8864440","-77.1622850","https://yumesushiva.com/","703-269-5064","16:00-22:00","16:00-22:00","16:00-22:00","16:00-22:00","16:00-23:00","12:00-23:00","12:00-22:00","A Japanese restaurant specializing in sushi.","https://northernvirginiamag.com/food-and-drink/2026/06/12/best-of-nova-2026-dig-into-northern-virginias-best-food/","https://www.yumesushiva.com/location/yume-sushi/","https://www.yumesushiva.com/location/yume-sushi/","2026-10-07","https://www.yumesushiva.com/location/yume-sushi/","Original factual summary","https://nominatim.openstreetmap.org/search?q=2121+N+Westmoreland+Street+A-2%2C+Arlington%2C+VA+22213&format=jsonv2&addressdetails=1&limit=3&countrycodes=us","Yume Sushi, 2121, North Westmoreland Street, East Falls Church, Arlington, Arlington County, Virginia, 22213, United States","",""
"Sushi","Runner-up","Ariake","12184 Glade Drive, Reston, VA 20191","38.9352024","-77.3641018","https://ariakerestaurant.com/","703-391-9006","11:30-14:30; 16:30-21:30","11:30-14:30; 16:30-21:30","11:30-14:30; 16:30-21:30","11:30-14:30; 16:30-21:30","11:30-14:30; 17:00-22:00","11:30-14:30; 17:00-22:00","11:30-14:30; 16:30-21:00","Ariake is recognized in the magazine’s Sushi category.","https://northernvirginiamag.com/food-and-drink/2026/06/12/best-of-nova-2026-dig-into-northern-virginias-best-food/","https://ariakerestaurant.com/","https://ariakerestaurant.com/","2026-10-07","https://northernvirginiamag.com/food-and-drink/2026/06/12/best-of-nova-2026-dig-into-northern-virginias-best-food/","Original factual summary","https://nominatim.openstreetmap.org/search?q=12184+Glade+Drive%2C+Reston%2C+VA+20191&format=jsonv2&addressdetails=1&limit=3&countrycodes=us","Ariake Japanese, 12184, Glade Drive, Fox Mill, Reston, Fairfax County, Virginia, 20191, United States","Last call 15 minutes before closing. Reston Sunday lunch has an apparent AM/PM typo; normalized to 11:30–14:30, consistent with Fairfax and other days.",""
"Sushi","Runner-up","Ariake","8708 Little River Turnpike, Fairfax, VA 22031","38.8383702","-77.2459879","https://ariakerestaurant.com/","703-323-9006","11:30-14:30; 16:30-21:30","11:30-14:30; 16:30-21:30","11:30-14:30; 16:30-21:30","11:30-14:30; 16:30-21:30","11:30-14:30; 17:00-22:00","11:30-14:30; 17:00-22:00","11:30-14:30; 16:30-21:00","Ariake is recognized in the magazine’s Sushi category.","https://northernvirginiamag.com/food-and-drink/2026/06/12/best-of-nova-2026-dig-into-northern-virginias-best-food/","https://ariakerestaurant.com/","https://ariakerestaurant.com/","2026-10-07","https://northernvirginiamag.com/food-and-drink/2026/06/12/best-of-nova-2026-dig-into-northern-virginias-best-food/","Original factual summary","https://nominatim.openstreetmap.org/search?q=8708+Little+River+Turnpike%2C+Fairfax%2C+VA+22031&format=jsonv2&addressdetails=1&limit=3&countrycodes=us","Ariake Japanese Restaurant, 8708, Little River Turnpike, Lee Forest, Wakefield, Fairfax County, Virginia, 22031, United States","Last call 15 minutes before closing. Reston Sunday lunch has an apparent AM/PM typo; normalized to 11:30–14:30, consistent with Fairfax and other days.",""
"Vietnamese","Winner","Rice Paper","6775 Wilson Boulevard, Falls Church, VA 22044","38.87399845","-77.15467892","https://ricepaper-tasteofvietnam.com/","703-538-3888","10:00-20:00","10:00-20:00","10:00-20:00","10:00-20:00","10:00-20:00","10:00-20:00","10:00-20:00","Rice Paper is recognized in the magazine’s Vietnamese category.","https://northernvirginiamag.com/food-and-drink/2026/06/12/best-of-nova-2026-dig-into-northern-virginias-best-food/","https://ricepaper-tasteofvietnam.com/","https://ricepaper-tasteofvietnam.com/","2026-10-07","https://northernvirginiamag.com/food-and-drink/2026/06/12/best-of-nova-2026-dig-into-northern-virginias-best-food/","Original factual summary","Existing dc-eats data/washingtonian_best_cheap_eats_2026.csv","6775 Wilson Blvd, Falls Church, VA 22044","Official page states opening hours without individual day labels; treated as daily.",""
"Brunch","Winner","Tuscarora Mill","203 Harrison Street SE, Leesburg, VA 20175","39.1129380","-77.5625990","https://tuskies.com/","703-771-9300","11:00-22:00","11:00-22:00","11:00-22:00","11:00-22:00","11:00-23:00","11:00-23:00","10:00-21:00","A Leesburg restaurant in a converted grain mill, with American dining and brunch.","https://northernvirginiamag.com/food-and-drink/2026/06/12/best-of-nova-2026-dig-into-northern-virginias-best-food/","https://www.tuskies.com/?NF=1","https://www.tuskies.com/?NF=1","2026-10-07","https://www.tuskies.com/?NF=1","Original factual summary","https://nominatim.openstreetmap.org/search?q=203+Harrison+Street+SE%2C+Leesburg%2C+VA+20175&format=jsonv2&addressdetails=1&limit=3&countrycodes=us","203, Harrison Street Southeast, Leesburg, Loudoun County, Virginia, 20175, United States","",""
"Bagels","Winner","Call Your Mother Deli","4000 Wilson Boulevard, Arlington, VA 22203","38.87946","-77.10778","https://callyourmotherdeli.com/","703-349-3205","06:30-14:00","06:30-14:00","06:30-14:00","06:30-14:00","06:30-14:00","06:30-15:00","06:30-15:00","A local deli serving bagels and bagel sandwiches.","https://northernvirginiamag.com/food-and-drink/2026/06/12/best-of-nova-2026-dig-into-northern-virginias-best-food/","https://www.callyourmotherdeli.com/locations","https://www.callyourmotherdeli.com/locations","2026-10-07","https://www.callyourmotherdeli.com/locations","Original factual summary","Existing dc-eats data/washington_post_40_essential_dc_dishes_2026.csv","4000 Wilson Blvd Arlington, VA 22203","Ballston was announced as pending in the June article and is now listed as open.",""
"Bagels","Winner","Call Your Mother Deli","6232 Old Dominion Drive, McLean, VA 22101","38.92019","-77.1501","https://callyourmotherdeli.com/","703-297-8721","06:30-15:00","06:30-15:00","06:30-15:00","06:30-15:00","06:30-15:00","06:30-15:00","06:30-15:00","A local deli serving bagels and bagel sandwiches.","https://northernvirginiamag.com/food-and-drink/2026/06/12/best-of-nova-2026-dig-into-northern-virginias-best-food/","https://www.callyourmotherdeli.com/locations","https://www.callyourmotherdeli.com/locations","2026-10-07","https://www.callyourmotherdeli.com/locations","Original factual summary","Existing dc-eats data/washington_post_40_essential_dc_dishes_2026.csv","6232 Old Dominion Drive Mclean, VA 22101","",""
"Bagels","Winner","Call Your Mother Deli","1671 Crystal Drive, Arlington, VA 22202","38.8585643","-77.0489790","https://callyourmotherdeli.com/","571-867-9983","06:30-16:00","06:30-16:00","06:30-16:00","06:30-16:00","06:30-16:00","06:30-16:00","06:30-16:00","A local deli serving bagels and bagel sandwiches.","https://northernvirginiamag.com/food-and-drink/2026/06/12/best-of-nova-2026-dig-into-northern-virginias-best-food/","https://www.callyourmotherdeli.com/locations","https://www.callyourmotherdeli.com/locations","2026-10-07","https://www.callyourmotherdeli.com/locations","Original factual summary","https://nominatim.openstreetmap.org/search?q=1671+Crystal+Drive%2C+Arlington%2C+VA+22202&format=jsonv2&addressdetails=1&limit=3&countrycodes=us","Call Your Mother, 1671, Crystal Drive, National Landing, Crystal City, Arlington, Arlington County, Virginia, 22202, United States","",""
"Bagels","Winner","Call Your Mother Deli","7372 Atlas Walk Way, Gainesville, VA 20155","38.7961172","-77.6093599","https://callyourmotherdeli.com/","703-565-9279","06:30-14:00","06:30-14:00","06:30-14:00","06:30-14:00","06:30-14:00","06:30-15:00","06:30-15:00","A local deli serving bagels and bagel sandwiches.","https://northernvirginiamag.com/food-and-drink/2026/06/12/best-of-nova-2026-dig-into-northern-virginias-best-food/","https://www.callyourmotherdeli.com/gainesville-va-call-your-mother-deli","https://www.callyourmotherdeli.com/gainesville-va-call-your-mother-deli","2026-10-07","https://www.callyourmotherdeli.com/gainesville-va-call-your-mother-deli","Original factual summary","https://nominatim.openstreetmap.org/search?q=7372+Atlas+Walk+Way%2C+Gainesville%2C+VA+20155&format=jsonv2&addressdetails=1&limit=3&countrycodes=us","Call Your Mother, 7372, Atlas Walk Way, Virginia Gateway, Gainesville, Prince William County, Virginia, 20155, United States","",""
"Bagels","Winner","Call Your Mother Deli","1300 King Street, Alexandria, VA 22314","38.80575","-77.05374","https://callyourmotherdeli.com/","571-357-1324","06:30-16:00","06:30-16:00","06:30-16:00","06:30-16:00","06:30-16:00","06:30-16:00","06:30-16:00","A local deli serving bagels and bagel sandwiches.","https://northernvirginiamag.com/food-and-drink/2026/06/12/best-of-nova-2026-dig-into-northern-virginias-best-food/","https://www.callyourmotherdeli.com/locations","https://www.callyourmotherdeli.com/locations","2026-10-07","https://www.callyourmotherdeli.com/locations","Original factual summary","Existing dc-eats data/washington_post_40_essential_dc_dishes_2026.csv","1300 King Street Alexandria, VA 22314","",""
"Bagels","Winner","Call Your Mother Deli","1484 North Point Village Center, Reston, VA 20194","38.97819","-77.35033","https://callyourmotherdeli.com/","571-523-1076","","","","","","","","A local deli serving bagels and bagel sandwiches.","https://northernvirginiamag.com/food-and-drink/2026/06/12/best-of-nova-2026-dig-into-northern-virginias-best-food/","https://www.callyourmotherdeli.com/reston-va-call-your-mother-deli","","2026-10-07","https://www.callyourmotherdeli.com/reston-va-call-your-mother-deli","Original factual summary","Existing dc-eats data/washington_post_40_essential_dc_dishes_2026.csv","1484 North Point Village Center Reston, VA 22180","Official directory closes at 15:00 but branch page closes at 14:00. Hours left unknown pending confirmation.",""
"Bagels","Winner","Call Your Mother Deli","205 Maple Avenue E, Vienna, VA 22180","38.90342","-77.26225","https://callyourmotherdeli.com/","703-738-3450","06:30-14:00","06:30-14:00","06:30-14:00","06:30-14:00","06:30-14:00","06:30-15:00","06:30-15:00","A local deli serving bagels and bagel sandwiches.","https://northernvirginiamag.com/food-and-drink/2026/06/12/best-of-nova-2026-dig-into-northern-virginias-best-food/","https://www.callyourmotherdeli.com/locations","https://www.callyourmotherdeli.com/locations","2026-10-07","https://www.callyourmotherdeli.com/locations","Original factual summary","Existing dc-eats data/washington_post_40_essential_dc_dishes_2026.csv","205 Maple Ave E Vienna, VA 22180","",""
"Chinese","Runner-up","Peter Chang","2503-E N Harrison Street, Arlington, VA 22207","38.8976067","-77.1387320","https://peterchangarlington.com/","703-538-6688","11:30-15:00; 16:45-21:30","11:30-15:00; 16:45-21:30","11:30-15:00; 16:45-21:30","11:30-15:00; 16:45-21:30","11:30-22:00","11:30-22:00","11:30-21:00","Peter Chang is recognized in the magazine’s Chinese category.","https://northernvirginiamag.com/food-and-drink/2026/06/12/best-of-nova-2026-dig-into-northern-virginias-best-food/","https://peterchangarlington.com/","https://peterchangarlington.com/","2026-10-07","https://northernvirginiamag.com/food-and-drink/2026/06/12/best-of-nova-2026-dig-into-northern-virginias-best-food/","Original factual summary","https://nominatim.openstreetmap.org/search?q=2503+N+Harrison+Street%2C+Arlington%2C+VA+22207&format=jsonv2&addressdetails=1&limit=3&countrycodes=us","Taqueria el Poblano, 2503, North Harrison Street, Millburn Terrace, Arlington, Arlington County, Virginia, 22207, United States","",""
"Chinese","Runner-up","Peter Chang","2322 Silver Arrow Way, Herndon, VA 20171","","","https://peterchangherndon.com/","703-793-5225","11:00-21:00","11:00-21:00","11:00-21:00","11:00-21:00","11:00-22:00","11:00-22:00","11:00-21:00","Peter Chang is recognized in the magazine’s Chinese category.","https://northernvirginiamag.com/food-and-drink/2026/06/12/best-of-nova-2026-dig-into-northern-virginias-best-food/","https://peterchangherndon.com/contact-us/","https://peterchangherndon.com/contact-us/","2026-10-07","https://northernvirginiamag.com/food-and-drink/2026/06/12/best-of-nova-2026-dig-into-northern-virginias-best-food/","Original factual summary","","","","No exact house-number geocoding match; coordinates left blank."
"Chinese","Runner-up","Peter Chang","6715 Lowell Avenue, McLean, VA 22101","38.9323778","-77.1760955","https://peterchangmclean.com/","571-405-6686","11:00-15:00; 16:30-21:00","11:00-15:00; 16:30-21:00","11:00-15:00; 16:30-21:00","11:00-15:00; 16:30-21:00","11:00-22:00","11:00-22:00","11:00-21:00","Peter Chang is recognized in the magazine’s Chinese category.","https://northernvirginiamag.com/food-and-drink/2026/06/12/best-of-nova-2026-dig-into-northern-virginias-best-food/","https://peterchangmclean.com/peter-chang-mclean-va/","https://peterchangmclean.com/peter-chang-mclean-va/","2026-10-07","https://northernvirginiamag.com/food-and-drink/2026/06/12/best-of-nova-2026-dig-into-northern-virginias-best-food/","Original factual summary","https://nominatim.openstreetmap.org/search?q=6715+Lowell+Avenue%2C+McLean%2C+VA+22101&format=jsonv2&addressdetails=1&limit=3&countrycodes=us","6715, Lowell Avenue, Bryn Mawr, Langley, McLean, Fairfax County, Virginia, 22101, United States","",""
"Deli/Sandwich Shop","Runner-up","Celebrity Delly","7263A Arlington Boulevard, Falls Church, VA 22042","","","https://celebritydelly.com/","703-573-9002","09:00-20:00","09:00-20:00","09:00-20:00","09:00-20:00","09:00-20:00","09:00-20:00","09:00-15:00","Celebrity Delly is recognized in the magazine’s Deli/Sandwich Shop category.","https://northernvirginiamag.com/food-and-drink/2026/06/12/best-of-nova-2026-dig-into-northern-virginias-best-food/","https://www.celebritydelly.com/contact","https://www.celebritydelly.com/contact","2026-10-07","https://northernvirginiamag.com/food-and-drink/2026/06/12/best-of-nova-2026-dig-into-northern-virginias-best-food/","Original factual summary","","","","No exact house-number geocoding match; coordinates left blank."
"Farmers Market","Winner","Falls Church Farmers Market","300 Park Avenue, Falls Church, VA 22046","38.8857290","-77.1724008","https://www.fallschurchva.gov/547/Farmers-Market","703-248-5024","Closed","Closed","Closed","Closed","Closed","09:00-12:00","Closed","A Saturday market featuring produce, prepared foods, and local vendors.","https://northernvirginiamag.com/food-and-drink/2026/06/12/best-of-nova-2026-dig-into-northern-virginias-best-food/","https://www.fallschurchva.gov/547/Farmers-Market","https://www.fallschurchva.gov/547/Farmers-Market","2026-10-07","https://www.fallschurchva.gov/547/Farmers-Market","Original factual summary","https://nominatim.openstreetmap.org/search?q=300+Park+Avenue%2C+Falls+Church%2C+VA+22046&format=jsonv2&addressdetails=1&limit=3&countrycodes=us","Falls Church City Hall, 300, Park Avenue, Offutt Village, Falls Church, Virginia, 22046, United States","Year-round Saturday market. Manager phone; latest city page states 09:00 opening.",""
"Farmers Market","Runner-up","Old Town Farmers’ Market","100 Block of N Royal Street, Alexandria, VA 22314","","","https://www.alexandriava.gov/OldTownFarmersMarket","","Closed","Closed","Closed","Closed","Closed","07:00-12:00","Closed","A Saturday market operating at its temporary North Royal Street and Tavern Square location.","https://northernvirginiamag.com/food-and-drink/2026/06/12/best-of-nova-2026-dig-into-northern-virginias-best-food/","https://www.alexandriava.gov/OldTownFarmersMarket","https://www.alexandriava.gov/OldTownFarmersMarket","2026-10-07","https://www.alexandriava.gov/OldTownFarmersMarket","Original factual summary","","","Temporary relocation to N Royal Street and Tavern Square courtyard during City Hall construction; not the old Market Square address.","No exact house-number geocoding match; coordinates left blank."
"Food Truck","Runner-up","S&P Burger","45910 Old Ox Road, Sterling, VA 20166","","","https://instagram.com/smashedandpressed","571-510-0459","","","","","","","","S&P Burger is recognized in the magazine’s Food Truck category.","https://northernvirginiamag.com/food-and-drink/2026/06/12/best-of-nova-2026-dig-into-northern-virginias-best-food/","https://halalfoodle.com/restaurants/united-states/virginia/sterling/s-and-p-burger-45910-old-ox-rd","","2026-10-07","https://northernvirginiamag.com/food-and-drink/2026/06/12/best-of-nova-2026-dig-into-northern-virginias-best-food/","Original factual summary","","","Secondary source identifies current Smashed & Pressed business. Other directories list an older Oakgrove Road food-truck address; weekly schedule not assigned until identity/location confirmed.","No exact house-number geocoding match; coordinates left blank."
"Korean","Runner-up","Meokja Meokja","9619 Fairfax Boulevard, Fairfax, VA 22030","38.8642515","-77.2770889","https://meokja-meokja.club/","571-459-2875","17:00-22:00","17:00-22:00","17:00-22:00","17:00-22:00","17:00-22:00","","12:00-22:00","Meokja Meokja is recognized in the magazine’s Korean category.","https://northernvirginiamag.com/food-and-drink/2026/06/12/best-of-nova-2026-dig-into-northern-virginias-best-food/","https://www.opentable.com/r/meokja-meokja-reservations-fairfax","https://www.opentable.com/r/meokja-meokja-reservations-fairfax","2026-10-07","https://northernvirginiamag.com/food-and-drink/2026/06/12/best-of-nova-2026-dig-into-northern-virginias-best-food/","Original factual summary","https://nominatim.openstreetmap.org/search?q=9619+Fairfax+Boulevard%2C+Fairfax%2C+VA+22030&format=jsonv2&addressdetails=1&limit=3&countrycodes=us","9619, Fairfax Boulevard, Fairfax Circle, Fairfax, Virginia, 22031, United States","Secondary booking profile. Saturday starts conflict (16:00, 16:30, 17:00) across sources, so Saturday remains unknown.",""
"Modern American","Runner-up","Trio Grill","8100 Lee Highway, Falls Church, VA 22042","38.8758101","-77.2237820","https://triomerrifield.com/","703-992-9200","","","","","","","","Trio Grill is recognized in the magazine’s Modern American category.","https://northernvirginiamag.com/food-and-drink/2026/06/12/best-of-nova-2026-dig-into-northern-virginias-best-food/","https://www.triomerrifield.com/location/merrifield/","","2026-10-07","https://northernvirginiamag.com/food-and-drink/2026/06/12/best-of-nova-2026-dig-into-northern-virginias-best-food/","Original factual summary","https://nominatim.openstreetmap.org/search?q=8100+Lee+Highway%2C+Falls+Church%2C+VA+22042&format=jsonv2&addressdetails=1&limit=3&countrycodes=us","8100, Route 29, Falls Church, Fairfax County, Virginia, 22042, United States","Official page gives opening times only: bar daily 16:00; dining room Mon–Thu 17:00, Fri–Sun 16:00. Closing times not assumed.",""
"Outdoor Dining","Runner-up","Barca Pier & Wine Bar","2 Pioneer Mill Way, Alexandria, VA 22314","38.8012770","-77.0397410","https://barcaalx.com/","703-638-1100","11:30-23:00","16:00-23:00","16:00-23:00","11:30-23:00","11:30-00:00 (+1 day)","10:00-00:00 (+1 day)","10:00-23:00","An Alexandria waterfront pier restaurant and wine bar.","https://northernvirginiamag.com/food-and-drink/2026/06/12/best-of-nova-2026-dig-into-northern-virginias-best-food/","https://barcaalx.com/","https://barcaalx.com/","2026-10-07","https://barcaalx.com/","Original factual summary","https://nominatim.openstreetmap.org/search?q=2+Pioneer+Mill+Way%2C+Alexandria%2C+VA+22314&format=jsonv2&addressdetails=1&limit=3&countrycodes=us","Barca Wine Bar, 2, Pioneer Mill Way, Robinson Landing, Lyles-Crouch, Alexandria, Virginia, 22314, United States","Combines pier and wine-bar hours at this address; pier schedule omits Tue/Wed, while wine bar explicitly opens at 16:00 those days.",""
"Oyster Bar","Winner","King Street Oyster Bar","12 S King Street, Leesburg, VA 20175","39.11502","-77.56463","https://kingstreetoysterbar.com/","571-442-8068","11:00-21:00","11:00-21:00","11:00-21:00","11:00-22:00","11:00-23:00","11:00-23:00","11:00-21:00","King Street Oyster Bar is recognized in the magazine’s Oyster Bar category.","https://northernvirginiamag.com/food-and-drink/2026/06/12/best-of-nova-2026-dig-into-northern-virginias-best-food/","https://kingstreetoysterbar.com/middleburg-va/","https://www.opentable.com/r/king-street-oyster-bar-leesburg","2026-10-07","https://northernvirginiamag.com/food-and-drink/2026/06/12/best-of-nova-2026-dig-into-northern-virginias-best-food/","Original factual summary","Existing dc-eats data/best_of_loudoun.csv","12 S King St, Leesburg, VA 20175","Branch address and phone confirmed on official site; hours to be checked against current branch schedule. Hours from the location’s OpenTable listing.",""
"Oyster Bar","Winner","King Street Oyster Bar","1 E Washington Street, Middleburg, VA 20117","38.96891","-77.73524","https://kingstreetoysterbar.com/","540-883-3156","11:00-21:00","11:00-21:00","11:00-21:00","11:00-21:00","11:00-22:00","11:00-22:00","11:00-21:00","King Street Oyster Bar is recognized in the magazine’s Oyster Bar category.","https://northernvirginiamag.com/food-and-drink/2026/06/12/best-of-nova-2026-dig-into-northern-virginias-best-food/","https://www.opentable.com/r/king-street-oyster-bar-middleburg?lang=es","https://www.opentable.com/r/king-street-oyster-bar-middleburg?lang=es","2026-10-07","https://northernvirginiamag.com/food-and-drink/2026/06/12/best-of-nova-2026-dig-into-northern-virginias-best-food/","Original factual summary","Existing dc-eats data/best_of_loudoun.csv","1 E Washington St, Middleburg, VA 20117","Secondary booking profile schedule; branch address/phone also confirmed on official site.",""
"Peruvian Chicken","Runner-up","Crisp & Juicy","4540 Lee Highway, Arlington, VA 22204","38.8983202","-77.1192371","https://crispjuicy.com/","703-243-4222","11:00-20:00","11:00-20:00","11:00-20:00","11:00-20:30","11:00-20:30","11:00-20:30","11:00-20:00","Crisp & Juicy is recognized in the magazine’s Peruvian Chicken category.","https://northernvirginiamag.com/food-and-drink/2026/06/12/best-of-nova-2026-dig-into-northern-virginias-best-food/","https://www.crispjuicy.com/locations","https://www.crispjuicy.com/locations","2026-10-07","https://northernvirginiamag.com/food-and-drink/2026/06/12/best-of-nova-2026-dig-into-northern-virginias-best-food/","Original factual summary","https://nominatim.openstreetmap.org/search?q=4540+Lee+Highway%2C+Arlington%2C+VA+22204&format=jsonv2&addressdetails=1&limit=3&countrycodes=us","Crisp & Juicy Chicken, 4540, Cherry Hill Road, Lee Heights, Cherrydale, Ballston, Arlington, Arlington County, Virginia, 22207, United States","",""
"Peruvian Chicken","Runner-up","Crisp & Juicy","7520 Leesburg Pike, Falls Church, VA 22043","","","https://crispjuicy.com/","703-506-0500","11:00-20:30","11:00-20:30","11:00-20:30","11:00-20:30","11:00-20:30","11:00-20:30","11:00-20:30","Crisp & Juicy is recognized in the magazine’s Peruvian Chicken category.","https://northernvirginiamag.com/food-and-drink/2026/06/12/best-of-nova-2026-dig-into-northern-virginias-best-food/","https://www.crispjuicy.com/locations","https://www.crispjuicy.com/locations","2026-10-07","https://northernvirginiamag.com/food-and-drink/2026/06/12/best-of-nova-2026-dig-into-northern-virginias-best-food/","Original factual summary","","","","No exact house-number geocoding match; coordinates left blank."
"Ramen","Winner","Jinya Ramen Bar","4238 Wilson Boulevard Suite 150, Arlington, VA 22203","38.8790138","-77.1106712","https://jinyaramenbar.com/","571-312-8584","11:00-21:00","11:00-21:00","11:00-21:00","11:00-21:00","11:00-22:00","11:00-22:00","11:00-21:00","A ramen restaurant offering Japanese noodle soups.","https://northernvirginiamag.com/food-and-drink/2026/06/12/best-of-nova-2026-dig-into-northern-virginias-best-food/","https://www.jinyaramenbar.com/locations/arlington/","https://www.jinyaramenbar.com/locations/arlington/","2026-10-07","https://www.jinyaramenbar.com/locations/arlington/","Original factual summary","https://nominatim.openstreetmap.org/search?q=4238+Wilson+Boulevard+%2C+Arlington%2C+VA+22203&format=jsonv2&addressdetails=1&limit=3&countrycodes=us","Ballston Quarter, 4238, Wilson Boulevard, Brandon Village, Bluemont, Ballston, Arlington, Arlington County, Virginia, 22203, United States","",""
"Ramen","Winner","Jinya Ramen Bar","11964 Market Street, Reston, VA 20190","38.9588430","-77.3600198","https://jinyaramenbar.com/","571-926-9282","11:00-21:00","11:00-21:00","11:00-21:00","11:00-21:00","11:00-22:00","11:00-22:00","11:00-21:00","A ramen restaurant offering Japanese noodle soups.","https://northernvirginiamag.com/food-and-drink/2026/06/12/best-of-nova-2026-dig-into-northern-virginias-best-food/","https://www.jinyaramenbar.com/locations/reston/","https://www.jinyaramenbar.com/locations/reston/","2026-10-07","https://www.jinyaramenbar.com/locations/reston/","Original factual summary","https://nominatim.openstreetmap.org/search?q=11964+Market+Street%2C+Reston%2C+VA+20190&format=jsonv2&addressdetails=1&limit=3&countrycodes=us","JINYA Ramen Bar, 11964, Market Street, Reston Town Center, Reston, Fairfax County, Virginia, 20190, United States","",""
"Ramen","Winner","Jinya Ramen Bar","2911 District Avenue Suite 170, Fairfax, VA 22031","38.8718758","-77.2294859","https://jinyaramenbar.com/","571-327-2256","11:00-21:00","11:00-21:00","11:00-21:00","11:00-21:00","11:00-22:00","11:00-22:00","11:00-21:00","A ramen restaurant offering Japanese noodle soups.","https://northernvirginiamag.com/food-and-drink/2026/06/12/best-of-nova-2026-dig-into-northern-virginias-best-food/","https://www.jinyaramenbar.com/locations/fairfax/","https://www.jinyaramenbar.com/locations/fairfax/","2026-10-07","https://www.jinyaramenbar.com/locations/fairfax/","Original factual summary","https://nominatim.openstreetmap.org/search?q=2911+District+Avenue+%2C+Fairfax%2C+VA+22031&format=jsonv2&addressdetails=1&limit=3&countrycodes=us","Matchbox, 2911, District Avenue, Mosaic District, Merrifield, Fairfax County, Virginia, 22031, United States","",""
"Tacos","Runner-up","Anita’s New Mexico Style Mexican Food","3444 Fairfax Drive, Arlington, VA 22201","38.8834832","-77.1020680","https://anitascorp.com/","571-290-0659","05:00-21:00","05:00-21:00","05:00-21:00","05:00-21:00","05:00-23:30","05:00-23:30","06:00-21:00","Anita’s New Mexico Style Mexican Food is recognized in the magazine’s Tacos category.","https://northernvirginiamag.com/food-and-drink/2026/06/12/best-of-nova-2026-dig-into-northern-virginias-best-food/","https://www.anitascorp.com/arlington","https://www.anitascorp.com/arlington","2026-10-07","https://northernvirginiamag.com/food-and-drink/2026/06/12/best-of-nova-2026-dig-into-northern-virginias-best-food/","Original factual summary","https://nominatim.openstreetmap.org/search?q=3444+Fairfax+Drive%2C+Arlington%2C+VA+22201&format=jsonv2&addressdetails=1&limit=3&countrycodes=us","Virginia Square Towers, 3444, Fairfax Drive, Virginia Square, Clarendon, Arlington, Arlington County, Virginia, 22201, United States","Uses branch-page phone rather than conflicting numbers in corporate directory.",""
"Tacos","Runner-up","Anita’s New Mexico Style Mexican Food","5 Fort Evans Road NE, Leesburg, VA 20176","39.1070391","-77.5480586","https://anitascorp.com/","571-520-0885","05:00-21:00","05:00-21:00","05:00-21:00","05:00-21:00","05:00-22:00","05:00-22:00","05:30-21:00","Anita’s New Mexico Style Mexican Food is recognized in the magazine’s Tacos category.","https://northernvirginiamag.com/food-and-drink/2026/06/12/best-of-nova-2026-dig-into-northern-virginias-best-food/","https://www.anitascorp.com/leesburg","https://www.anitascorp.com/leesburg","2026-10-07","https://northernvirginiamag.com/food-and-drink/2026/06/12/best-of-nova-2026-dig-into-northern-virginias-best-food/","Original factual summary","https://nominatim.openstreetmap.org/search?q=5+Fort+Evans+Road+NE%2C+Leesburg%2C+VA+20176&format=jsonv2&addressdetails=1&limit=3&countrycodes=us","Anita's, 5, Fort Evans Road Northeast, Leesburg, Loudoun County, Virginia, 20176, United States","Uses branch-page phone rather than conflicting numbers in corporate directory.",""
"Tacos","Runner-up","Anita’s New Mexico Style Mexican Food","44305 Ice Rink Plaza, Ashburn, VA 20147","39.01984","-77.46962","https://anitascorp.com/","703-879-2124","05:00-21:00","05:00-21:00","05:00-21:00","05:00-21:00","05:00-22:00","05:00-22:00","05:30-21:00","Anita’s New Mexico Style Mexican Food is recognized in the magazine’s Tacos category.","https://northernvirginiamag.com/food-and-drink/2026/06/12/best-of-nova-2026-dig-into-northern-virginias-best-food/","https://www.anitascorp.com/ashburn","https://www.anitascorp.com/ashburn","2026-10-07","https://northernvirginiamag.com/food-and-drink/2026/06/12/best-of-nova-2026-dig-into-northern-virginias-best-food/","Original factual summary","Existing dc-eats data/best_of_loudoun.csv","44260 Ice Rink Plz Suite 120, Ashburn, VA 20147","Uses branch-page phone rather than conflicting numbers in corporate directory.",""
"Tacos","Runner-up","Anita’s New Mexico Style Mexican Food","521 Maple Avenue E, Vienna, VA 22180","38.9086378","-77.2559085","https://anitascorp.com/","703-844-3796","05:00-21:00","05:00-21:00","05:00-21:00","05:00-21:00","05:00-22:00","05:00-22:00","05:30-21:00","Anita’s New Mexico Style Mexican Food is recognized in the magazine’s Tacos category.","https://northernvirginiamag.com/food-and-drink/2026/06/12/best-of-nova-2026-dig-into-northern-virginias-best-food/","https://www.anitascorp.com/vienna","https://www.anitascorp.com/vienna","2026-10-07","https://northernvirginiamag.com/food-and-drink/2026/06/12/best-of-nova-2026-dig-into-northern-virginias-best-food/","Original factual summary","https://nominatim.openstreetmap.org/search?q=521+Maple+Avenue+E%2C+Vienna%2C+VA+22180&format=jsonv2&addressdetails=1&limit=3&countrycodes=us","Anita's, 521, Maple Avenue East, Vienna, Fairfax County, Virginia, 22180, United States","Uses branch-page phone rather than conflicting numbers in corporate directory.",""
"Tacos","Runner-up","Anita’s New Mexico Style Mexican Food","9278 Old Keene Mill Road, Burke, VA 22015","38.7763741","-77.2650335","https://anitascorp.com/","703-420-4775","05:00-21:00","05:00-21:00","05:00-21:00","05:00-21:00","05:00-22:00","05:00-22:00","05:30-21:00","Anita’s New Mexico Style Mexican Food is recognized in the magazine’s Tacos category.","https://northernvirginiamag.com/food-and-drink/2026/06/12/best-of-nova-2026-dig-into-northern-virginias-best-food/","https://www.anitascorp.com/burke","https://www.anitascorp.com/burke","2026-10-07","https://northernvirginiamag.com/food-and-drink/2026/06/12/best-of-nova-2026-dig-into-northern-virginias-best-food/","Original factual summary","https://nominatim.openstreetmap.org/search?q=9278+Old+Keene+Mill+Road%2C+Burke%2C+VA+22015&format=jsonv2&addressdetails=1&limit=3&countrycodes=us","Anitas, 9278, Old Keene Mill Road, Keene Mill Heights, Burke, Fairfax County, Virginia, 22015, United States","Uses branch-page phone rather than conflicting numbers in corporate directory.",""
"Tacos","Runner-up","Anita’s New Mexico Style Mexican Food","8015 Braddock Road, Springfield, VA 22151","38.8104428","-77.2231349","https://anitascorp.com/","571-487-7722","05:00-21:00","05:00-21:00","05:00-21:00","05:00-21:00","05:00-22:00","05:00-22:00","05:30-21:00","Anita’s New Mexico Style Mexican Food is recognized in the magazine’s Tacos category.","https://northernvirginiamag.com/food-and-drink/2026/06/12/best-of-nova-2026-dig-into-northern-virginias-best-food/","https://www.anitascorp.com/springfield","https://www.anitascorp.com/springfield","2026-10-07","https://northernvirginiamag.com/food-and-drink/2026/06/12/best-of-nova-2026-dig-into-northern-virginias-best-food/","Original factual summary","https://nominatim.openstreetmap.org/search?q=8015+Braddock+Road%2C+Springfield%2C+VA+22151&format=jsonv2&addressdetails=1&limit=3&countrycodes=us","Anita's New Mexico Style, 8015, Braddock Road, Springfield, Fairfax County, Virginia, 22151, United States","Uses branch-page phone rather than conflicting numbers in corporate directory.",""
"Tacos","Runner-up","Anita’s New Mexico Style Mexican Food","13921 Lee Jackson Highway, Chantilly, VA 20151","38.8930302","-77.4277908","https://anitascorp.com/","703-291-1399","05:00-21:00","05:00-21:00","05:00-21:00","05:00-21:00","05:00-22:00","05:00-22:00","05:30-21:00","Anita’s New Mexico Style Mexican Food is recognized in the magazine’s Tacos category.","https://northernvirginiamag.com/food-and-drink/2026/06/12/best-of-nova-2026-dig-into-northern-virginias-best-food/","https://www.anitascorp.com/chantilly","https://www.anitascorp.com/chantilly","2026-10-07","https://northernvirginiamag.com/food-and-drink/2026/06/12/best-of-nova-2026-dig-into-northern-virginias-best-food/","Original factual summary","https://nominatim.openstreetmap.org/search?q=13921+Lee+Jackson+Highway%2C+Chantilly%2C+VA+20151&format=jsonv2&addressdetails=1&limit=3&countrycodes=us","13921, Route 50, Sully Plaza, Chantilly, Fairfax County, Virginia, 20151, United States","Uses branch-page phone rather than conflicting numbers in corporate directory.",""
"Tacos","Runner-up","Anita’s New Mexico Style Mexican Food","11694 Sudley Manor Drive, Manassas, VA 20109","","","https://anitascorp.com/","703-369-1460","05:00-21:00","05:00-21:00","04:30-21:00","04:30-21:00","04:30-22:00","05:00-22:00","05:30-21:00","Anita’s New Mexico Style Mexican Food is recognized in the magazine’s Tacos category.","https://northernvirginiamag.com/food-and-drink/2026/06/12/best-of-nova-2026-dig-into-northern-virginias-best-food/","https://www.anitascorp.com/manassas","https://www.anitascorp.com/manassas","2026-10-07","https://northernvirginiamag.com/food-and-drink/2026/06/12/best-of-nova-2026-dig-into-northern-virginias-best-food/","Original factual summary","","","Uses branch-page phone rather than conflicting numbers in corporate directory.","No exact house-number geocoding match; coordinates left blank."
"Tacos","Runner-up","Anita’s New Mexico Style Mexican Food","10880 Fairfax Boulevard, Fairfax, VA 22030","38.85956","-77.30427","https://anitascorp.com/","703-386-7750","05:00-21:00","05:00-21:00","05:00-21:00","05:00-21:00","05:00-22:00","05:00-22:00","05:30-21:00","Anita’s New Mexico Style Mexican Food is recognized in the magazine’s Tacos category.","https://northernvirginiamag.com/food-and-drink/2026/06/12/best-of-nova-2026-dig-into-northern-virginias-best-food/","https://www.anitascorp.com/fairfax","https://www.anitascorp.com/fairfax","2026-10-07","https://northernvirginiamag.com/food-and-drink/2026/06/12/best-of-nova-2026-dig-into-northern-virginias-best-food/","Original factual summary","Existing dc-eats data/washington_post_40_essential_dc_dishes_2026.csv","10408 Fairfax Blvd, Fairfax, VA 22030","Uses branch-page phone rather than conflicting numbers in corporate directory.",""
"Tacos","Runner-up","Anita’s New Mexico Style Mexican Food","701 Elden Street, Herndon, VA 20170","38.9694947","-77.3841863","https://anitascorp.com/","703-935-4727","05:00-21:00","05:00-21:00","05:00-21:00","05:00-21:00","05:00-22:00","05:00-22:00","05:30-21:00","Anita’s New Mexico Style Mexican Food is recognized in the magazine’s Tacos category.","https://northernvirginiamag.com/food-and-drink/2026/06/12/best-of-nova-2026-dig-into-northern-virginias-best-food/","https://www.anitascorp.com/herndon","https://www.anitascorp.com/herndon","2026-10-07","https://northernvirginiamag.com/food-and-drink/2026/06/12/best-of-nova-2026-dig-into-northern-virginias-best-food/","Original factual summary","https://nominatim.openstreetmap.org/search?q=701+Elden+Street%2C+Herndon%2C+VA+20170&format=jsonv2&addressdetails=1&limit=3&countrycodes=us","Anita's Mexican Restaurant, 701, Elden Street, Herndon, Fairfax County, Virginia, 20170, United States","Uses branch-page phone rather than conflicting numbers in corporate directory.",""
"Thai","Winner","Sense of Thai","20413 Exchange Street, Ashburn, VA 20147","39.05292","-77.4543","https://senseofthai.com/","703-858-1980","11:00-00:00 (+1 day)","11:00-00:00 (+1 day)","11:00-00:00 (+1 day)","11:00-00:00 (+1 day)","11:00-02:00 (+1 day)","11:00-02:00 (+1 day)","11:00-23:00","Sense of Thai is recognized in the magazine’s Thai category.","https://northernvirginiamag.com/food-and-drink/2026/06/12/best-of-nova-2026-dig-into-northern-virginias-best-food/","https://senseofthai.com/contact-sense-of-thai-ashburn/","https://senseofthai.com/contact-sense-of-thai-ashburn/","2026-10-07","https://northernvirginiamag.com/food-and-drink/2026/06/12/best-of-nova-2026-dig-into-northern-virginias-best-food/","Original factual summary","Existing dc-eats data/best_of_loudoun.csv","20357 Exchange St, Ashburn, VA 20147","Venue hours include late-night bar; kitchen may close earlier.",""
"Thai","Winner","Sense of Thai","25031 Riding Plaza Suite 150, Chantilly, VA 20152","38.9258929","-77.5219016","https://senseofthai.com/","703-835-3499","","","","","","","","Sense of Thai is recognized in the magazine’s Thai category.","https://northernvirginiamag.com/food-and-drink/2026/06/12/best-of-nova-2026-dig-into-northern-virginias-best-food/","https://senseofthai.com/locations/","","2026-10-07","https://northernvirginiamag.com/food-and-drink/2026/06/12/best-of-nova-2026-dig-into-northern-virginias-best-food/","Original factual summary","https://nominatim.openstreetmap.org/search?q=25031+Riding+Plaza+%2C+Chantilly%2C+VA+20152&format=jsonv2&addressdetails=1&limit=3&countrycodes=us","Sense of Thai, 25031, Riding Plaza, South Riding Market Square, Chantilly, Loudoun County, Virginia, 20152, United States","Official location directory and dedicated Chantilly page disagree by 30 minutes on closing times; hours left unknown.",""
"Thai","Runner-up","Bangkok 54 Restaurant & Bar","2919 Columbia Pike, Arlington, VA 22204","38.8625359","-77.0876095","https://bangkok54restaurant.com/","703-521-4070","11:00-22:00","11:00-22:00","11:00-22:00","11:00-22:00","11:00-23:00","11:00-23:00","11:00-22:00","Bangkok 54 Restaurant & Bar is recognized in the magazine’s Thai category.","https://northernvirginiamag.com/food-and-drink/2026/06/12/best-of-nova-2026-dig-into-northern-virginias-best-food/","https://bangkok54restaurant.com/","https://bangkok54restaurant.com/","2026-10-07","https://northernvirginiamag.com/food-and-drink/2026/06/12/best-of-nova-2026-dig-into-northern-virginias-best-food/","Original factual summary","https://nominatim.openstreetmap.org/search?q=2919+Columbia+Pike%2C+Arlington%2C+VA+22204&format=jsonv2&addressdetails=1&limit=3&countrycodes=us","Bangkok 54, 2919, Columbia Pike, Douglas Park, Westmont, Arlington, Arlington County, Virginia, 22204, United States","",""
"Vietnamese","Runner-up","Nue: Elegantly Vietnamese","944 W Broad Street, Falls Church, VA 22046","38.8908705","-77.1841562","https://nuevietnamese.com/","571-777-9599","11:00-15:00; 16:00-22:00","11:00-15:00; 16:00-22:00","11:00-15:00; 16:00-22:00","11:00-15:00; 16:00-22:30","11:00-15:00; 16:00-23:30","11:00-23:30","11:00-22:00","A contemporary Vietnamese restaurant in Falls Church.","https://northernvirginiamag.com/food-and-drink/2026/06/12/best-of-nova-2026-dig-into-northern-virginias-best-food/","https://nuevietnamese.com/","https://nuevietnamese.com/","2026-10-07","https://nuevietnamese.com/","Original factual summary","https://nominatim.openstreetmap.org/search?q=944+W+Broad+Street%2C+Falls+Church%2C+VA+22046&format=jsonv2&addressdetails=1&limit=3&countrycodes=us","Chasin' Tails, 944, West Broad Street, Offutt Village, Falls Church, Virginia, 22046, United States","",""
"Wings","Winner","Velocity Bar + Kitchen","10697 Braddock Road, Fairfax, VA 22032","38.8267048","-77.3158254","https://www.velocitybarkitchen.com/","703-278-8450","11:00-22:00","11:00-22:00","11:00-22:00","11:00-22:00","11:00-23:00","10:00-23:00","10:00-22:00","Velocity Bar + Kitchen is recognized in the magazine’s Wings category.","https://northernvirginiamag.com/food-and-drink/2026/06/12/best-of-nova-2026-dig-into-northern-virginias-best-food/","https://www.velocitybarkitchen.com/fairfax","https://www.velocitybarkitchen.com/fairfax","2026-10-07","https://northernvirginiamag.com/food-and-drink/2026/06/12/best-of-nova-2026-dig-into-northern-virginias-best-food/","Original factual summary","https://nominatim.openstreetmap.org/search?q=10697+Braddock+Road%2C+Fairfax%2C+VA+22032&format=jsonv2&addressdetails=1&limit=3&countrycodes=us","Velocity Bar + Kitchen, 10697, Braddock Road, George Mason, Fairfax County, Virginia, 22032, United States","",""
"Wings","Winner","Velocity Bar + Kitchen","1020 E Main Street, Purcellville, VA 20132","39.13501","-77.69814","https://www.velocitybarkitchen.com/","540-338-9464","11:00-22:00","11:00-22:00","11:00-22:00","11:00-22:00","11:00-23:00","11:00-23:00","10:00-22:00","Velocity Bar + Kitchen is recognized in the magazine’s Wings category.","https://northernvirginiamag.com/food-and-drink/2026/06/12/best-of-nova-2026-dig-into-northern-virginias-best-food/","https://www.velocitybarkitchen.com/purcellville","https://www.velocitybarkitchen.com/purcellville","2026-10-07","https://northernvirginiamag.com/food-and-drink/2026/06/12/best-of-nova-2026-dig-into-northern-virginias-best-food/","Original factual summary","Existing dc-eats data/best_of_loudoun.csv","1020 E Main St Ste N, Purcellville, VA 20132","",""
"Wings","Winner","Velocity Bar + Kitchen","10088 Dumfries Road, Manassas, VA 20110","38.7384812","-77.4748503","https://velocitywings.net/","703-420-8145","","","","","","","","Velocity Bar + Kitchen is recognized in the magazine’s Wings category.","https://northernvirginiamag.com/food-and-drink/2026/06/12/best-of-nova-2026-dig-into-northern-virginias-best-food/","https://velocitywings.squarespace.com/our-locations","","2026-10-07","https://northernvirginiamag.com/food-and-drink/2026/06/12/best-of-nova-2026-dig-into-northern-virginias-best-food/","Original factual summary","https://nominatim.openstreetmap.org/search?q=10088+Dumfries+Road%2C+Manassas%2C+VA+20110&format=jsonv2&addressdetails=1&limit=3&countrycodes=us","Velocity Wings, 10088, Dumfries Road, Manassas, Virginia, 20110, United States","Listed by magazine and legacy official site but absent from current two-location site; current operating status/hours unconfirmed.",""
"NoVA Wars: Italian Edition","Winner","Thompson Italian","124 N Washington Street, Falls Church, VA 22046","38.8825912","-77.1702391","https://thompsonitalian.com/","703-269-0893","17:00-21:30","17:00-21:30","17:00-21:30","17:00-21:30","17:00-21:30","16:30-21:30","16:30-21:30","An Italian restaurant with locations in Falls Church and Alexandria.","https://northernvirginiamag.com/food-and-drink/2026/06/12/best-of-nova-2026-dig-into-northern-virginias-best-food/","https://thompsonitalian.com/our-location/","https://thompsonitalian.com/our-location/","2026-10-07","https://thompsonitalian.com/our-location/","Original factual summary","https://nominatim.openstreetmap.org/search?q=124+N+Washington+Street%2C+Falls+Church%2C+VA+22046&format=jsonv2&addressdetails=1&limit=3&countrycodes=us","Thompson Italian, 124, North Washington Street, Falls Church, Virginia, 22046, United States","",""
"NoVA Wars: Italian Edition","Winner","Thompson Italian","1024 King Street, Alexandria, VA 22314","38.8054362","-77.0511614","https://thompsonitalian.com/","571-431-7742","17:00-21:00","17:00-21:00","17:00-21:00","17:00-21:00","16:30-21:00","16:30-21:00","16:30-21:00","An Italian restaurant with locations in Falls Church and Alexandria.","https://northernvirginiamag.com/food-and-drink/2026/06/12/best-of-nova-2026-dig-into-northern-virginias-best-food/","https://thompsonitalian.com/alexandria/","https://thompsonitalian.com/alexandria/","2026-10-07","https://thompsonitalian.com/alexandria/","Original factual summary","https://nominatim.openstreetmap.org/search?q=1024+King+Street%2C+Alexandria%2C+VA+22314&format=jsonv2&addressdetails=1&limit=3&countrycodes=us","1024, King Street, Lyles-Crouch, Eisenhower East, Alexandria, Virginia, 22314, United States","",""
"Tacos","Winner","Taco Bamba","4000 Wilson Blvd, Suite C, Arlington, VA 22203","38.87946","-77.10778","https://tacobamba.com/","571-777-1477","08:00-22:00","08:00-22:00","08:00-22:00","08:00-22:00","08:00-22:00","08:00-22:00","08:00-22:00","A taqueria offering Mexican-inspired tacos and breakfast.","https://northernvirginiamag.com/food-and-drink/2026/06/12/best-of-nova-2026-dig-into-northern-virginias-best-food/","https://www.tacobamba.com/location/taco-bamba-taqueria-ballston/","https://www.tacobamba.com/location/taco-bamba-taqueria-ballston/","2026-10-07","https://www.tacobamba.com/location/taco-bamba-taqueria-ballston/","Original factual summary","Existing dc-eats data/washington_post_40_essential_dc_dishes_2026.csv","4000 Wilson Blvd Arlington, VA 22203","",""
"Tacos","Winner","Taco Bamba","12239 Fair Lakes Promenade Dr., Fairfax, VA 22033","","","https://tacobamba.com/","571-695-2713","08:00-22:00","08:00-22:00","08:00-22:00","08:00-22:00","08:00-22:00","08:00-22:00","08:00-22:00","A taqueria offering Mexican-inspired tacos and breakfast.","https://northernvirginiamag.com/food-and-drink/2026/06/12/best-of-nova-2026-dig-into-northern-virginias-best-food/","https://www.tacobamba.com/location/fair-lakes/","https://www.tacobamba.com/location/fair-lakes/","2026-10-07","https://www.tacobamba.com/location/fair-lakes/","Original factual summary","","","","No exact house-number geocoding match; coordinates left blank."
"Tacos","Winner","Taco Bamba","10629 Braddock Rd, Suite B-8, Fairfax, VA 22032","38.8267048","-77.3158254","https://tacobamba.com/","571-655-6265","08:00-21:00","08:00-21:00","08:00-21:00","08:00-21:00","08:00-22:00","08:00-22:00","08:00-21:00","A taqueria offering Mexican-inspired tacos and breakfast.","https://northernvirginiamag.com/food-and-drink/2026/06/12/best-of-nova-2026-dig-into-northern-virginias-best-food/","https://www.tacobamba.com/location/taco-bamba-taqueria-fairfax/","https://www.tacobamba.com/location/taco-bamba-taqueria-fairfax/","2026-10-07","https://www.tacobamba.com/location/taco-bamba-taqueria-fairfax/","Original factual summary","https://nominatim.openstreetmap.org/search?q=10697+Braddock+Road%2C+Fairfax%2C+VA+22032&format=jsonv2&addressdetails=1&limit=3&countrycodes=us","Velocity Bar + Kitchen, 10697, Braddock Road, George Mason, Fairfax County, Virginia, 22032, United States","",""
"Tacos","Winner","Taco Bamba","2190 Pimmit Drive, Falls Church, VA 22043","38.9021563","-77.2055911","https://tacobamba.com/","703-639-0505","08:00-21:00","08:00-21:00","08:00-21:00","08:00-21:00","08:00-22:00","08:00-22:00","08:00-21:00","A taqueria offering Mexican-inspired tacos and breakfast.","https://northernvirginiamag.com/food-and-drink/2026/06/12/best-of-nova-2026-dig-into-northern-virginias-best-food/","https://www.tacobamba.com/location/taco-bamba-taqueria-falls-church/","https://www.tacobamba.com/location/taco-bamba-taqueria-falls-church/","2026-10-07","https://www.tacobamba.com/location/taco-bamba-taqueria-falls-church/","Original factual summary","https://nominatim.openstreetmap.org/search?q=2190+Pimmit+Drive%2C+Falls+Church%2C+VA+22043&format=jsonv2&addressdetails=1&limit=3&countrycodes=us","Urban hair salon, 2190, Pimmit Drive, Falls Church, Fairfax County, Virginia, 22043, United States","",""
"Tacos","Winner","Taco Bamba","2425 Centreville Rd, Herndon, VA 20171","38.9504085","-77.4080104","https://tacobamba.com/","571-430-3399","08:00-22:00","08:00-22:00","08:00-22:00","08:00-22:00","08:00-22:00","08:00-22:00","08:00-22:00","A taqueria offering Mexican-inspired tacos and breakfast.","https://northernvirginiamag.com/food-and-drink/2026/06/12/best-of-nova-2026-dig-into-northern-virginias-best-food/","https://www.tacobamba.com/location/herndon-va/","https://www.tacobamba.com/location/herndon-va/","2026-10-07","https://www.tacobamba.com/location/herndon-va/","Original factual summary","https://nominatim.openstreetmap.org/search?q=2425+Centreville+Rd%2C+Herndon%2C+VA+20171&format=jsonv2&addressdetails=1&limit=3&countrycodes=us","Giant, 2425, Centreville Road, Herndon, Fairfax County, Virginia, 20171, United States","",""
"Tacos","Winner","Taco Bamba","6259 Little River Turnpike, Alexandria, VA 22312","38.8178247","-77.1415126","https://tacobamba.com/","703-775-2966","08:00-21:00","08:00-21:00","08:00-21:00","08:00-21:00","08:00-22:00","08:00-22:00","08:00-21:00","A taqueria offering Mexican-inspired tacos and breakfast.","https://northernvirginiamag.com/food-and-drink/2026/06/12/best-of-nova-2026-dig-into-northern-virginias-best-food/","https://www.tacobamba.com/location/landmark/","https://www.tacobamba.com/location/landmark/","2026-10-07","https://www.tacobamba.com/location/landmark/","Original factual summary","https://nominatim.openstreetmap.org/search?q=6259+Little+River+Turnpike%2C+Alexandria%2C+VA+22312&format=jsonv2&addressdetails=1&limit=3&countrycodes=us","6259, Little River Turnpike, Lincolnia Park, James K. Polk, Lincolnia, Fairfax County, Virginia, 22312, United States","",""
"Tacos","Winner","Taco Bamba","4041 Campbell Ave, Arlington, VA 22206","38.8410982","-77.0881685","https://tacobamba.com/","571-257-3030","08:00-22:00","08:00-22:00","08:00-22:00","08:00-22:00","08:00-22:00","08:00-22:00","08:00-22:00","A taqueria offering Mexican-inspired tacos and breakfast.","https://northernvirginiamag.com/food-and-drink/2026/06/12/best-of-nova-2026-dig-into-northern-virginias-best-food/","https://www.tacobamba.com/location/shirlington/","https://www.tacobamba.com/location/shirlington/","2026-10-07","https://www.tacobamba.com/location/shirlington/","Original factual summary","https://nominatim.openstreetmap.org/search?q=4041+Campbell+Ave%2C+Arlington%2C+VA+22206&format=jsonv2&addressdetails=1&limit=3&countrycodes=us","Taco Bamba, 4041, Campbell Avenue, Shirlington, Arlington, Arlington County, Virginia, 22206, United States","",""
"Tacos","Winner","Taco Bamba","6691-A Backlick Rd, Springfield, VA 22150","38.7728989","-77.1833245","https://tacobamba.com/","703-436-1262","08:00-22:00","08:00-22:00","08:00-22:00","08:00-22:00","08:00-22:00","08:00-22:00","08:00-22:00","A taqueria offering Mexican-inspired tacos and breakfast.","https://northernvirginiamag.com/food-and-drink/2026/06/12/best-of-nova-2026-dig-into-northern-virginias-best-food/","https://www.tacobamba.com/location/taco-bamba-taqueria-springfield/","https://www.tacobamba.com/location/taco-bamba-taqueria-springfield/","2026-10-07","https://www.tacobamba.com/location/taco-bamba-taqueria-springfield/","Original factual summary","https://nominatim.openstreetmap.org/search?q=6691+Backlick+Rd%2C+Springfield%2C+VA+22150&format=jsonv2&addressdetails=1&limit=3&countrycodes=us","6691, Backlick Road, Fair Vernon, Springfield, Fairfax County, Virginia, 22150, United States","",""
"Tacos","Winner","Taco Bamba","20968 Southbank St., Sterling, VA 20165","","","https://tacobamba.com/","571-206-0056","08:00-22:00","08:00-22:00","08:00-22:00","08:00-22:00","08:00-22:00","08:00-22:00","08:00-22:00","A taqueria offering Mexican-inspired tacos and breakfast.","https://northernvirginiamag.com/food-and-drink/2026/06/12/best-of-nova-2026-dig-into-northern-virginias-best-food/","https://www.tacobamba.com/location/sterling/","https://www.tacobamba.com/location/sterling/","2026-10-07","https://www.tacobamba.com/location/sterling/","Original factual summary","","","","No exact house-number geocoding match; coordinates left blank."
"Tacos","Winner","Taco Bamba","164 Maple Avenue W, Vienna, VA 22180","38.8996770","-77.2666890","https://tacobamba.com/","703-436-6339","08:00-22:00","08:00-22:00","08:00-22:00","08:00-22:00","08:00-22:00","08:00-22:00","08:00-22:00","A taqueria offering Mexican-inspired tacos and breakfast.","https://northernvirginiamag.com/food-and-drink/2026/06/12/best-of-nova-2026-dig-into-northern-virginias-best-food/","https://www.tacobamba.com/location/taco-bamba-taqueria-vienna/","https://www.tacobamba.com/location/taco-bamba-taqueria-vienna/","2026-10-07","https://www.tacobamba.com/location/taco-bamba-taqueria-vienna/","Original factual summary","https://nominatim.openstreetmap.org/search?q=164+Maple+Avenue+W%2C+Vienna%2C+VA+22180&format=jsonv2&addressdetails=1&limit=3&countrycodes=us","Taco Bamba, 164, Maple Avenue West, Vienna, Fairfax County, Virginia, 22180, United States","",""
"Pizza","Winner","Andy’s Pizza","10408 Fairfax Blvd, Fairfax, VA 22030","38.85956","-77.30427","https://eatandyspizza.com/","703653-0010","11:00-22:00","11:00-22:00","11:00-22:00","11:00-22:00","11:00-00:00 (+1 day)","11:00-00:00 (+1 day)","11:00-22:00","A pizza business serving New York-style pies and slices.","https://northernvirginiamag.com/food-and-drink/2026/06/12/best-of-nova-2026-dig-into-northern-virginias-best-food/","https://www.eatandyspizza.com/location/fairfax/","https://www.eatandyspizza.com/location/fairfax/","2026-10-07","https://www.eatandyspizza.com/location/fairfax/","Original factual summary","Existing dc-eats data/washington_post_40_essential_dc_dishes_2026.csv","10408 Fairfax Blvd, Fairfax, VA 22030","",""
"Pizza","Winner","Andy’s Pizza","901 N Pollard, Arlington, VA 22203","38.8822612","-77.1058774","https://eatandyspizza.com/","703-552-4037","11:00-00:00 (+1 day)","11:00-00:00 (+1 day)","11:00-00:00 (+1 day)","11:00-00:00 (+1 day)","11:00-02:00 (+1 day)","11:00-02:00 (+1 day)","11:00-00:00 (+1 day)","A pizza business serving New York-style pies and slices.","https://northernvirginiamag.com/food-and-drink/2026/06/12/best-of-nova-2026-dig-into-northern-virginias-best-food/","https://www.eatandyspizza.com/location/ballston/","https://www.eatandyspizza.com/location/ballston/","2026-10-07","https://www.eatandyspizza.com/location/ballston/","Original factual summary","https://nominatim.openstreetmap.org/search?q=901+N+Pollard%2C+Arlington%2C+VA+22203&format=jsonv2&addressdetails=1&limit=3&countrycodes=us","Andy's Pizza, 901, North Pollard Street, Virginia Square, Ballston, Arlington, Arlington County, Virginia, 22203, United States","",""
"Pizza","Winner","Andy’s Pizza","107 N Fayette St, Alexandria, VA 22314","38.80604","-77.05221","https://eatandyspizza.com/","703884-0114","11:00-22:00","11:00-22:00","11:00-22:00","11:00-22:00","11:00-00:00 (+1 day)","11:00-00:00 (+1 day)","11:00-22:00","A pizza business serving New York-style pies and slices.","https://northernvirginiamag.com/food-and-drink/2026/06/12/best-of-nova-2026-dig-into-northern-virginias-best-food/","https://www.eatandyspizza.com/location/old-town-alexandria/","https://www.eatandyspizza.com/location/old-town-alexandria/","2026-10-07","https://www.eatandyspizza.com/location/old-town-alexandria/","Original factual summary","Existing dc-eats data/washington_post_40_essential_dc_dishes_2026.csv","107 N Fayette St, Alexandria, VA 22314","",""
"Pizza","Winner","Andy’s Pizza","2001 International Dr, McLean, VA 22102","38.92325","-77.22467","https://eatandyspizza.com/","703775-2212","11:00-23:00","11:00-23:00","11:00-23:00","11:00-23:00","11:00-00:00 (+1 day)","11:00-00:00 (+1 day)","11:00-23:00","A pizza business serving New York-style pies and slices.","https://northernvirginiamag.com/food-and-drink/2026/06/12/best-of-nova-2026-dig-into-northern-virginias-best-food/","https://www.eatandyspizza.com/location/tysons-galleria-andys-pizza/","https://www.eatandyspizza.com/location/tysons-galleria-andys-pizza/","2026-10-07","https://www.eatandyspizza.com/location/tysons-galleria-andys-pizza/","Original factual summary","Existing dc-eats data/washington_post_40_essential_dc_dishes_2026.csv","2001 International Dr, McLean, VA 22102","",""
"Pizza","Winner","Andy’s Pizza","2429 Mandeville Ln, Alexandria, VA 22332","38.80307","-77.0701","https://eatandyspizza.com/","703512-4072","11:00-22:00","11:00-22:00","11:00-22:00","11:00-22:00","11:00-23:00","11:00-23:00","11:00-22:00","A pizza business serving New York-style pies and slices.","https://northernvirginiamag.com/food-and-drink/2026/06/12/best-of-nova-2026-dig-into-northern-virginias-best-food/","https://www.eatandyspizza.com/location/carlyle-crossing-andys-pizza/","https://www.eatandyspizza.com/location/carlyle-crossing-andys-pizza/","2026-10-07","https://www.eatandyspizza.com/location/carlyle-crossing-andys-pizza/","Original factual summary","Existing dc-eats data/washington_post_40_essential_dc_dishes_2026.csv","2429 Mandeville Ln, Alexandria, VA 22332","",""
"Pizza","Runner-up","Pupatella Neapolitan Pizza","700 Slaters Lane, Alexandria, VA 22314","38.8213583","-77.0444236","https://pupatella.com/","703-567-4069","11:30-21:00","11:30-21:00","11:30-21:00","11:30-22:00","11:30-23:00","11:30-23:00","11:30-21:00","A pizzeria specializing in Neapolitan pizza.","https://northernvirginiamag.com/food-and-drink/2026/06/12/best-of-nova-2026-dig-into-northern-virginias-best-food/","https://www.pupatella.com/location-virginia-south-alexandria","https://www.pupatella.com/location-virginia-south-alexandria","2026-10-07","https://www.pupatella.com/location-virginia-south-alexandria","Original factual summary","https://nominatim.openstreetmap.org/search?q=700+Slaters+Lane%2C+Alexandria%2C+VA+22314&format=jsonv2&addressdetails=1&limit=3&countrycodes=us","Pupatella, 700, Slaters Lane, Jefferson Houston, Alexandria, Virginia, 22314, United States","",""
"Pizza","Runner-up","Pupatella Neapolitan Pizza","13619 Lee Jackson Memorial Highway, Chantilly, VA 20151","38.8878902","-77.4185619","https://pupatella.com/","571-299-4174","11:30-21:00","11:30-21:00","11:30-21:00","11:30-21:00","11:30-22:00","11:30-22:00","11:30-21:00","A pizzeria specializing in Neapolitan pizza.","https://northernvirginiamag.com/food-and-drink/2026/06/12/best-of-nova-2026-dig-into-northern-virginias-best-food/","https://www.pupatella.com/location-virginia-chantilly","https://www.pupatella.com/location-virginia-chantilly","2026-10-07","https://www.pupatella.com/location-virginia-chantilly","Original factual summary","https://nominatim.openstreetmap.org/search?q=13619+Lee+Jackson+Memorial+Highway%2C+Chantilly%2C+VA+20151&format=jsonv2&addressdetails=1&limit=3&countrycodes=us","Pupatella, 13619, Route 50, Chantilly, Fairfax County, Virginia, 20151, United States","",""
"Pizza","Runner-up","Pupatella Neapolitan Pizza","2980 District Avenue Suite 140, Fairfax, VA 22031","38.8700823","-77.2312908","https://pupatella.com/","571-378-1896","11:30-21:00","11:30-21:00","11:30-21:00","11:30-22:00","11:30-23:00","11:30-23:00","11:30-21:00","A pizzeria specializing in Neapolitan pizza.","https://northernvirginiamag.com/food-and-drink/2026/06/12/best-of-nova-2026-dig-into-northern-virginias-best-food/","https://www.pupatella.com/location-virginia-mosaic","https://www.pupatella.com/location-virginia-mosaic","2026-10-07","https://www.pupatella.com/location-virginia-mosaic","Original factual summary","https://nominatim.openstreetmap.org/search?q=2980+District+Avenue+%2C+Fairfax%2C+VA+22031&format=jsonv2&addressdetails=1&limit=3&countrycodes=us","Modera Mosaic #3, 2980, District Avenue, Mosaic District, Merrifield, Fairfax County, Virginia, 22031, United States","",""
"Pizza","Runner-up","Pupatella Neapolitan Pizza","350 E Market Street, Leesburg, VA 20176","39.1111638","-77.5559364","https://pupatella.com/","571-831-3931","11:30-21:00","11:30-21:00","11:30-21:00","11:30-21:00","11:30-22:00","11:30-22:00","11:30-21:00","A pizzeria specializing in Neapolitan pizza.","https://northernvirginiamag.com/food-and-drink/2026/06/12/best-of-nova-2026-dig-into-northern-virginias-best-food/","https://www.pupatella.com/location-virginia-leesburg","https://www.pupatella.com/location-virginia-leesburg","2026-10-07","https://www.pupatella.com/location-virginia-leesburg","Original factual summary","https://nominatim.openstreetmap.org/search?q=350+E+Market+Street%2C+Leesburg%2C+VA+20176&format=jsonv2&addressdetails=1&limit=3&countrycodes=us","350, East Market Street, Leesburg, Loudoun County, Virginia, 20176, United States","",""
"Pizza","Runner-up","Pupatella Neapolitan Pizza","1821 Wiehle Avenue, Reston, VA 20190","38.9507433","-77.3349503","https://pupatella.com/","571-441-1148","11:30-21:00","11:30-21:00","11:30-21:00","11:30-21:00","11:30-22:00","11:30-22:00","11:30-21:00","A pizzeria specializing in Neapolitan pizza.","https://northernvirginiamag.com/food-and-drink/2026/06/12/best-of-nova-2026-dig-into-northern-virginias-best-food/","https://www.pupatella.com/location-virginia-reston","https://www.pupatella.com/location-virginia-reston","2026-10-07","https://www.pupatella.com/location-virginia-reston","Original factual summary","https://nominatim.openstreetmap.org/search?q=1821+Wiehle+Avenue%2C+Reston%2C+VA+20190&format=jsonv2&addressdetails=1&limit=3&countrycodes=us","Pupatella, 1821, Wiehle Avenue, Reston Station, Reston, Fairfax County, Virginia, 20190, United States","",""
"Pizza","Runner-up","Pupatella Neapolitan Pizza","8434 Old Keene Mill Road, Springfield, VA 22152","38.7791334","-77.2356365","https://pupatella.com/","571-378-0566","11:30-21:00","11:30-21:00","11:30-21:00","11:30-21:00","11:30-22:00","11:30-22:00","11:30-21:00","A pizzeria specializing in Neapolitan pizza.","https://northernvirginiamag.com/food-and-drink/2026/06/12/best-of-nova-2026-dig-into-northern-virginias-best-food/","https://www.pupatella.com/location-virginia-springfield","https://www.pupatella.com/location-virginia-springfield","2026-10-07","https://www.pupatella.com/location-virginia-springfield","Original factual summary","https://nominatim.openstreetmap.org/search?q=8434+Old+Keene+Mill+Road%2C+Springfield%2C+VA+22152&format=jsonv2&addressdetails=1&limit=3&countrycodes=us","Pupatella Neapolitan Pizza, 8434, Old Keene Mill Road, Fairfax Park, Springfield, Fairfax County, Virginia, 22152, United States","",""
"Pizza","Runner-up","Pupatella Neapolitan Pizza","5104 Wilson Boulevard, Arlington, VA 22205","38.8776363","-77.1222442","https://pupatella.com/","571-312-7230","11:30-21:00","11:30-21:00","11:30-21:00","11:30-21:00","11:30-22:00","11:30-22:00","11:30-21:00","A pizzeria specializing in Neapolitan pizza.","https://northernvirginiamag.com/food-and-drink/2026/06/12/best-of-nova-2026-dig-into-northern-virginias-best-food/","https://www.pupatella.com/location-virginia-north-arlington","https://www.pupatella.com/location-virginia-north-arlington","2026-10-07","https://www.pupatella.com/location-virginia-north-arlington","Original factual summary","https://nominatim.openstreetmap.org/search?q=5104+Wilson+Boulevard%2C+Arlington%2C+VA+22205&format=jsonv2&addressdetails=1&limit=3&countrycodes=us","Pupatella, 5104, Wilson Boulevard, Bluemont, Ballston, Arlington, Arlington County, Virginia, 22205, United States","",""
"Pizza","Runner-up","Pupatella Neapolitan Pizza","1621 S Walter Reed Drive, Arlington, VA 22204","38.8557511","-77.0880616","https://pupatella.com/","703-647-9076","11:30-21:00","11:30-21:00","11:30-21:00","11:30-21:00","11:30-22:00","11:30-22:00","11:30-21:00","A pizzeria specializing in Neapolitan pizza.","https://northernvirginiamag.com/food-and-drink/2026/06/12/best-of-nova-2026-dig-into-northern-virginias-best-food/","https://www.pupatella.com/location-virginia-south-arlington","https://www.pupatella.com/location-virginia-south-arlington","2026-10-07","https://www.pupatella.com/location-virginia-south-arlington","Original factual summary","https://nominatim.openstreetmap.org/search?q=1621+S+Walter+Reed+Drive%2C+Arlington%2C+VA+22204&format=jsonv2&addressdetails=1&limit=3&countrycodes=us","Pupatella, 1621, South Walter Reed Drive, Green Valley, Shirlington, Arlington, Arlington County, Virginia, 22204, United States","",""
"Seafood","Winner","The Salt Line","4040 Wilson Boulevard, Arlington, VA 22203","38.8796390","-77.1086970","https://thesaltline.com/","703-566-2075","11:30-22:00","11:30-22:00","11:30-22:00","11:30-22:00","11:30-23:00","11:00-23:00","11:00-22:00","The Salt Line is recognized in the magazine’s Seafood category.","https://northernvirginiamag.com/food-and-drink/2026/06/12/best-of-nova-2026-dig-into-northern-virginias-best-food/","https://www.thesaltline.com/location/the-salt-line-ballston/","https://www.thesaltline.com/location/the-salt-line-ballston/","2026-10-07","https://northernvirginiamag.com/food-and-drink/2026/06/12/best-of-nova-2026-dig-into-northern-virginias-best-food/","Original factual summary","https://nominatim.openstreetmap.org/search?q=4040+Wilson+Boulevard%2C+Arlington%2C+VA+22203&format=jsonv2&addressdetails=1&limit=3&countrycodes=us","The Salt Line, 4040, Wilson Boulevard, Virginia Square, Ballston, Arlington, Arlington County, Virginia, 22203, United States","Dining hours; bar last call is later.",""
"Wings","Runner-up","Jimmy’s Old Town Tavern","697 Spring Street, Herndon, VA 20170","38.9694600","-77.3862720","https://www.jottnew.com/","703-435-5467","11:00-02:00 (+1 day)","11:00-02:00 (+1 day)","11:00-02:00 (+1 day)","11:00-02:00 (+1 day)","11:00-02:00 (+1 day)","11:00-02:00 (+1 day)","11:00-02:00 (+1 day)","Jimmy’s Old Town Tavern is recognized in the magazine’s Wings category.","https://northernvirginiamag.com/food-and-drink/2026/06/12/best-of-nova-2026-dig-into-northern-virginias-best-food/","https://www.jottnew.com/","https://www.jottnew.com/","2026-10-07","https://northernvirginiamag.com/food-and-drink/2026/06/12/best-of-nova-2026-dig-into-northern-virginias-best-food/","Original factual summary","https://nominatim.openstreetmap.org/search?q=697+Spring+Street%2C+Herndon%2C+VA+20170&format=jsonv2&addressdetails=1&limit=3&countrycodes=us","Jimmy's Old Town Tavern, 697, Spring Street, Herndon, Fairfax County, Virginia, 20170, United States","Venue hours; kitchen closes at 01:30.",""
